wavelength	flux
2.704000e+03	
2.705000e+03	
2.706000e+03	
2.707000e+03	
2.708000e+03	
2.709000e+03	
2.710000e+03	
2.711000e+03	
2.712000e+03	
2.713000e+03	
2.714000e+03	
2.715000e+03	
2.716000e+03	
2.717000e+03	
2.718000e+03	
2.719000e+03	
2.720000e+03	
2.721000e+03	
2.722000e+03	
2.723000e+03	
2.724000e+03	
2.725000e+03	
2.726000e+03	
2.727000e+03	
2.728000e+03	
2.729000e+03	
2.730000e+03	
2.731000e+03	
2.732000e+03	
2.733000e+03	
2.734000e+03	
2.735000e+03	
2.736000e+03	
2.737000e+03	
2.738000e+03	
2.739000e+03	
2.740000e+03	
2.741000e+03	
2.742000e+03	
2.743000e+03	
2.744000e+03	
2.745000e+03	
2.746000e+03	
2.747000e+03	
2.748000e+03	
2.749000e+03	
2.750000e+03	
2.751000e+03	
2.752000e+03	
2.753000e+03	
2.754000e+03	
2.755000e+03	
2.756000e+03	
2.757000e+03	
2.758000e+03	
2.759000e+03	
2.760000e+03	
2.761000e+03	
2.762000e+03	
2.763000e+03	
2.764000e+03	
2.765000e+03	
2.766000e+03	
2.767000e+03	
2.768000e+03	
2.769000e+03	
2.770000e+03	
2.771000e+03	
2.772000e+03	
2.773000e+03	
2.774000e+03	
2.775000e+03	
2.776000e+03	
2.777000e+03	
2.778000e+03	
2.779000e+03	
2.780000e+03	
2.781000e+03	
2.782000e+03	
2.783000e+03	
2.784000e+03	
2.785000e+03	
2.786000e+03	
2.787000e+03	
2.788000e+03	
2.789000e+03	
2.790000e+03	
2.791000e+03	
2.792000e+03	
2.793000e+03	
2.794000e+03	
2.795000e+03	
2.796000e+03	
2.797000e+03	
2.798000e+03	
2.799000e+03	
2.800000e+03	
2.801000e+03	
2.802000e+03	
2.803000e+03	
2.804000e+03	
2.805000e+03	
2.806000e+03	
2.807000e+03	
2.808000e+03	
2.809000e+03	
2.810000e+03	
2.811000e+03	
2.812000e+03	
2.813000e+03	
2.814000e+03	
2.815000e+03	
2.816000e+03	
2.817000e+03	
2.818000e+03	
2.819000e+03	
2.820000e+03	
2.821000e+03	
2.822000e+03	
2.823000e+03	
2.824000e+03	
2.825000e+03	
2.826000e+03	
2.827000e+03	
2.828000e+03	
2.829000e+03	
2.830000e+03	
2.831000e+03	
2.832000e+03	
2.833000e+03	
2.834000e+03	
2.835000e+03	
2.836000e+03	-5.153854e+01
2.837000e+03	9.863894e+00
2.838000e+03	9.543651e-03
2.839000e+03	1.674798e+01
2.840000e+03	3.438010e+01
2.841000e+03	2.182077e+01
2.842000e+03	1.773228e+01
2.843000e+03	2.945784e+01
2.844000e+03	3.647954e+01
2.845000e+03	2.679783e+01
2.846000e+03	4.910958e+00
2.847000e+03	2.001890e+01
2.848000e+03	1.962982e+01
2.849000e+03	2.251028e+01
2.850000e+03	1.897184e+01
2.851000e+03	1.484837e+01
2.852000e+03	2.684922e+01
2.853000e+03	2.924657e+01
2.854000e+03	2.961014e+01
2.855000e+03	2.985761e+01
2.856000e+03	1.671636e+01
2.857000e+03	2.577967e+01
2.858000e+03	1.978743e+01
2.859000e+03	2.694941e+01
2.860000e+03	1.315905e+01
2.861000e+03	1.515228e+01
2.862000e+03	2.432659e+01
2.863000e+03	1.073067e+01
2.864000e+03	3.142682e+00
2.865000e+03	1.707588e+01
2.866000e+03	3.694333e+01
2.867000e+03	3.233732e+01
2.868000e+03	1.840705e+01
2.869000e+03	2.054845e+01
2.870000e+03	2.355461e+01
2.871000e+03	3.323694e+01
2.872000e+03	7.808183e+00
2.873000e+03	3.478185e+01
2.874000e+03	5.603246e+01
2.875000e+03	4.526249e+01
2.876000e+03	3.441710e+01
2.877000e+03	3.463649e+01
2.878000e+03	1.674045e+01
2.879000e+03	4.266883e+01
2.880000e+03	2.375248e+01
2.881000e+03	2.613409e+01
2.882000e+03	4.502395e+01
2.883000e+03	3.904902e+01
2.884000e+03	3.258654e+01
2.885000e+03	1.659013e+01
2.886000e+03	1.183579e+01
2.887000e+03	3.372818e+01
2.888000e+03	4.653826e+01
2.889000e+03	3.226236e+01
2.890000e+03	3.749033e+01
2.891000e+03	3.617512e+01
2.892000e+03	3.439083e+01
2.893000e+03	2.270820e+01
2.894000e+03	2.845772e+01
2.895000e+03	2.510188e+01
2.896000e+03	2.524908e+01
2.897000e+03	5.925344e+01
2.898000e+03	4.754645e+01
2.899000e+03	4.282435e+01
2.900000e+03	4.441792e+01
2.901000e+03	4.972839e+01
2.902000e+03	5.093924e+01
2.903000e+03	6.704587e+01
2.904000e+03	5.359931e+01
2.905000e+03	6.772553e+01
2.906000e+03	7.553467e+01
2.907000e+03	4.608854e+01
2.908000e+03	3.579254e+01
2.909000e+03	4.440163e+01
2.910000e+03	4.338020e+01
2.911000e+03	4.609125e+01
2.912000e+03	4.272453e+01
2.913000e+03	4.026508e+01
2.914000e+03	3.774514e+01
2.915000e+03	4.996483e+01
2.916000e+03	6.911071e+01
2.917000e+03	7.868384e+01
2.918000e+03	2.726838e+01
2.919000e+03	5.277209e+01
2.920000e+03	4.619141e+01
2.921000e+03	5.848043e+01
2.922000e+03	5.194614e+01
2.923000e+03	3.211461e+01
2.924000e+03	4.009273e+01
2.925000e+03	6.603989e+01
2.926000e+03	3.774052e+01
2.927000e+03	4.593185e+01
2.928000e+03	3.424421e+01
2.929000e+03	4.911068e+01
2.930000e+03	7.507051e+01
2.931000e+03	4.512086e+01
2.932000e+03	6.636025e+01
2.933000e+03	5.644623e+01
2.934000e+03	3.213847e+01
2.935000e+03	4.529111e+01
2.936000e+03	5.023953e+01
2.937000e+03	6.497301e+01
2.938000e+03	3.508313e+01
2.939000e+03	4.714911e+01
2.940000e+03	3.894092e+01
2.941000e+03	4.740747e+01
2.942000e+03	7.877220e+01
2.943000e+03	8.323681e+01
2.944000e+03	7.620090e+01
2.945000e+03	7.484476e+01
2.946000e+03	3.780835e+01
2.947000e+03	3.538259e+01
2.948000e+03	6.178546e+01
2.949000e+03	5.294659e+01
2.950000e+03	4.737461e+01
2.951000e+03	6.491387e+01
2.952000e+03	6.047858e+01
2.953000e+03	5.033935e+01
2.954000e+03	5.893244e+01
2.955000e+03	8.974004e+01
2.956000e+03	6.474328e+01
2.957000e+03	5.098774e+01
2.958000e+03	5.066214e+01
2.959000e+03	5.508640e+01
2.960000e+03	5.721976e+01
2.961000e+03	5.075563e+01
2.962000e+03	7.716208e+01
2.963000e+03	6.414657e+01
2.964000e+03	5.688004e+01
2.965000e+03	7.672609e+01
2.966000e+03	6.966325e+01
2.967000e+03	6.839745e+01
2.968000e+03	1.007142e+02
2.969000e+03	9.391892e+01
2.970000e+03	9.445175e+01
2.971000e+03	5.746056e+01
2.972000e+03	7.125281e+01
2.973000e+03	7.945168e+01
2.974000e+03	9.350257e+01
2.975000e+03	8.700795e+01
2.976000e+03	1.099443e+02
2.977000e+03	7.554119e+01
2.978000e+03	4.922530e+01
2.979000e+03	9.476794e+01
2.980000e+03	7.084429e+01
2.981000e+03	9.714806e+01
2.982000e+03	7.754624e+01
2.983000e+03	8.116798e+01
2.984000e+03	8.593431e+01
2.985000e+03	6.246945e+01
2.986000e+03	8.936258e+01
2.987000e+03	8.430279e+01
2.988000e+03	9.161237e+01
2.989000e+03	1.031267e+02
2.990000e+03	7.438395e+01
2.991000e+03	6.646787e+01
2.992000e+03	9.606785e+01
2.993000e+03	7.839181e+01
2.994000e+03	8.743908e+01
2.995000e+03	9.001645e+01
2.996000e+03	7.726389e+01
2.997000e+03	1.185453e+02
2.998000e+03	9.426556e+01
2.999000e+03	8.798057e+01
3.000000e+03	1.151571e+02
3.001000e+03	1.135015e+02
3.002000e+03	1.381398e+02
3.003000e+03	1.313152e+02
3.004000e+03	1.139590e+02
3.005000e+03	1.189360e+02
3.006000e+03	1.223807e+02
3.007000e+03	1.020199e+02
3.008000e+03	7.338422e+01
3.009000e+03	5.500697e+01
3.010000e+03	1.162704e+02
3.011000e+03	1.104056e+02
3.012000e+03	1.330025e+02
3.013000e+03	1.471997e+02
3.014000e+03	1.266597e+02
3.015000e+03	1.074304e+02
3.016000e+03	9.716312e+01
3.017000e+03	5.964177e+01
3.018000e+03	1.174987e+02
3.019000e+03	1.153763e+02
3.020000e+03	8.348877e+01
3.021000e+03	1.418018e+02
3.022000e+03	1.601672e+02
3.023000e+03	1.112098e+02
3.024000e+03	1.225352e+02
3.025000e+03	1.228564e+02
3.026000e+03	1.285597e+02
3.027000e+03	1.413938e+02
3.028000e+03	1.002957e+02
3.029000e+03	1.752338e+02
3.030000e+03	1.460844e+02
3.031000e+03	8.314984e+01
3.032000e+03	1.090353e+02
3.033000e+03	1.523564e+02
3.034000e+03	1.675279e+02
3.035000e+03	1.788065e+02
3.036000e+03	1.813478e+02
3.037000e+03	1.534600e+02
3.038000e+03	1.163905e+02
3.039000e+03	1.378581e+02
3.040000e+03	1.361626e+02
3.041000e+03	1.860595e+02
3.042000e+03	1.646551e+02
3.043000e+03	9.578028e+01
3.044000e+03	9.836718e+01
3.045000e+03	1.009545e+02
3.046000e+03	1.035417e+02
3.047000e+03	1.061287e+02
3.048000e+03	1.087160e+02
3.049000e+03	1.113032e+02
3.050000e+03	1.138900e+02
3.051000e+03	1.164772e+02
3.052000e+03	1.190638e+02
3.053000e+03	1.184268e+02
3.054000e+03	1.559188e+02
3.055000e+03	2.130576e+02
3.056000e+03	1.410162e+02
3.057000e+03	1.425508e+02
3.058000e+03	1.856056e+02
3.059000e+03	1.742332e+02
3.060000e+03	1.112790e+02
3.061000e+03	1.170637e+02
3.062000e+03	1.376578e+02
3.063000e+03	1.200148e+02
3.064000e+03	1.172578e+02
3.065000e+03	1.612610e+02
3.066000e+03	1.447511e+02
3.067000e+03	9.928258e+01
3.068000e+03	1.065100e+02
3.069000e+03	1.137369e+02
3.070000e+03	1.209628e+02
3.071000e+03	1.281899e+02
3.072000e+03	1.354152e+02
3.073000e+03	1.426422e+02
3.074000e+03	1.498682e+02
3.075000e+03	1.570941e+02
3.076000e+03	1.643208e+02
3.077000e+03	1.715457e+02
3.078000e+03	1.787722e+02
3.079000e+03	1.859973e+02
3.080000e+03	1.932233e+02
3.081000e+03	2.004490e+02
3.082000e+03	2.076740e+02
3.083000e+03	2.149000e+02
3.084000e+03	1.748209e+02
3.085000e+03	1.965724e+02
3.086000e+03	2.079767e+02
3.087000e+03	2.040210e+02
3.088000e+03	1.833272e+02
3.089000e+03	1.942344e+02
3.090000e+03	2.055902e+02
3.091000e+03	2.017897e+02
3.092000e+03	2.056442e+02
3.093000e+03	1.671964e+02
3.094000e+03	1.714490e+02
3.095000e+03	2.402661e+02
3.096000e+03	1.899944e+02
3.097000e+03	1.519573e+02
3.098000e+03	1.907857e+02
3.099000e+03	2.327447e+02
3.100000e+03	2.104849e+02
3.101000e+03	1.939317e+02
3.102000e+03	1.873656e+02
3.103000e+03	2.036140e+02
3.104000e+03	2.113977e+02
3.105000e+03	2.160136e+02
3.106000e+03	2.404931e+02
3.107000e+03	2.377727e+02
3.108000e+03	2.168472e+02
3.109000e+03	1.989054e+02
3.110000e+03	2.183074e+02
3.111000e+03	2.284292e+02
3.112000e+03	2.562727e+02
3.113000e+03	2.300678e+02
3.114000e+03	2.296724e+02
3.115000e+03	2.228378e+02
3.116000e+03	1.984580e+02
3.117000e+03	2.087880e+02
3.118000e+03	2.191882e+02
3.119000e+03	2.231291e+02
3.120000e+03	2.371280e+02
3.121000e+03	2.319474e+02
3.122000e+03	2.223071e+02
3.123000e+03	2.256076e+02
3.124000e+03	2.711443e+02
3.125000e+03	2.599595e+02
3.126000e+03	2.081497e+02
3.127000e+03	2.073076e+02
3.128000e+03	2.224335e+02
3.129000e+03	2.173733e+02
3.130000e+03	2.322058e+02
3.131000e+03	2.433964e+02
3.132000e+03	2.172516e+02
3.133000e+03	1.977321e+02
3.134000e+03	2.061149e+02
3.135000e+03	2.362906e+02
3.136000e+03	2.359011e+02
3.137000e+03	2.266169e+02
3.138000e+03	2.382264e+02
3.139000e+03	2.534716e+02
3.140000e+03	2.407622e+02
3.141000e+03	2.457722e+02
3.142000e+03	2.614563e+02
3.143000e+03	2.629925e+02
3.144000e+03	2.138670e+02
3.145000e+03	2.243116e+02
3.146000e+03	2.433662e+02
3.147000e+03	2.600025e+02
3.148000e+03	2.649887e+02
3.149000e+03	2.671663e+02
3.150000e+03	2.686554e+02
3.151000e+03	2.362177e+02
3.152000e+03	2.457478e+02
3.153000e+03	2.696697e+02
3.154000e+03	2.838227e+02
3.155000e+03	2.449669e+02
3.156000e+03	2.104287e+02
3.157000e+03	2.257692e+02
3.158000e+03	2.419810e+02
3.159000e+03	2.388989e+02
3.160000e+03	2.412310e+02
3.161000e+03	2.390138e+02
3.162000e+03	2.493828e+02
3.163000e+03	2.554038e+02
3.164000e+03	2.506299e+02
3.165000e+03	2.601839e+02
3.166000e+03	2.733053e+02
3.167000e+03	2.842677e+02
3.168000e+03	2.853276e+02
3.169000e+03	2.586395e+02
3.170000e+03	2.387646e+02
3.171000e+03	2.606524e+02
3.172000e+03	2.588419e+02
3.173000e+03	2.628309e+02
3.174000e+03	2.494926e+02
3.175000e+03	2.573081e+02
3.176000e+03	2.442392e+02
3.177000e+03	2.545810e+02
3.178000e+03	2.848499e+02
3.179000e+03	2.420478e+02
3.180000e+03	2.197552e+02
3.181000e+03	2.607156e+02
3.182000e+03	2.765081e+02
3.183000e+03	2.023574e+02
3.184000e+03	2.510786e+02
3.185000e+03	2.825700e+02
3.186000e+03	2.318856e+02
3.187000e+03	2.462617e+02
3.188000e+03	2.712115e+02
3.189000e+03	2.907821e+02
3.190000e+03	2.793360e+02
3.191000e+03	2.579798e+02
3.192000e+03	2.245029e+02
3.193000e+03	2.332984e+02
3.194000e+03	2.564085e+02
3.195000e+03	2.546069e+02
3.196000e+03	2.367783e+02
3.197000e+03	2.412128e+02
3.198000e+03	2.338700e+02
3.199000e+03	2.678332e+02
3.200000e+03	2.740841e+02
3.201000e+03	2.764700e+02
3.202000e+03	2.602021e+02
3.203000e+03	2.764440e+02
3.204000e+03	2.696164e+02
3.205000e+03	2.647579e+02
3.206000e+03	2.844133e+02
3.207000e+03	2.757992e+02
3.208000e+03	2.539285e+02
3.209000e+03	2.632262e+02
3.210000e+03	2.561574e+02
3.211000e+03	2.947188e+02
3.212000e+03	3.044733e+02
3.213000e+03	2.578696e+02
3.214000e+03	2.312015e+02
3.215000e+03	2.368327e+02
3.216000e+03	2.567046e+02
3.217000e+03	2.752367e+02
3.218000e+03	2.597050e+02
3.219000e+03	2.551807e+02
3.220000e+03	2.274350e+02
3.221000e+03	2.472137e+02
3.222000e+03	2.724376e+02
3.223000e+03	2.866790e+02
3.224000e+03	2.736687e+02
3.225000e+03	2.483828e+02
3.226000e+03	2.590910e+02
3.227000e+03	2.796532e+02
3.228000e+03	2.624378e+02
3.229000e+03	2.317555e+02
3.230000e+03	2.496268e+02
3.231000e+03	2.496634e+02
3.232000e+03	2.381484e+02
3.233000e+03	2.728710e+02
3.234000e+03	2.356275e+02
3.235000e+03	2.747245e+02
3.236000e+03	2.604914e+02
3.237000e+03	2.425054e+02
3.238000e+03	2.384710e+02
3.239000e+03	2.430840e+02
3.240000e+03	2.836620e+02
3.241000e+03	2.851772e+02
3.242000e+03	2.764788e+02
3.243000e+03	2.916310e+02
3.244000e+03	2.628733e+02
3.245000e+03	2.988351e+02
3.246000e+03	3.188184e+02
3.247000e+03	3.240748e+02
3.248000e+03	3.155076e+02
3.249000e+03	2.813105e+02
3.250000e+03	2.749097e+02
3.251000e+03	2.762662e+02
3.252000e+03	2.752788e+02
3.253000e+03	2.938803e+02
3.254000e+03	2.857753e+02
3.255000e+03	2.914518e+02
3.256000e+03	2.817659e+02
3.257000e+03	2.827484e+02
3.258000e+03	2.757290e+02
3.259000e+03	2.913412e+02
3.260000e+03	2.836443e+02
3.261000e+03	2.930614e+02
3.262000e+03	3.006493e+02
3.263000e+03	2.835484e+02
3.264000e+03	2.941106e+02
3.265000e+03	2.957616e+02
3.266000e+03	2.933281e+02
3.267000e+03	2.908195e+02
3.268000e+03	2.919097e+02
3.269000e+03	2.821646e+02
3.270000e+03	2.662557e+02
3.271000e+03	3.101894e+02
3.272000e+03	2.862172e+02
3.273000e+03	3.051627e+02
3.274000e+03	2.745260e+02
3.275000e+03	2.941494e+02
3.276000e+03	3.074573e+02
3.277000e+03	2.896728e+02
3.278000e+03	3.069389e+02
3.279000e+03	3.190037e+02
3.280000e+03	3.020374e+02
3.281000e+03	3.063785e+02
3.282000e+03	3.102885e+02
3.283000e+03	3.074048e+02
3.284000e+03	2.826420e+02
3.285000e+03	2.936489e+02
3.286000e+03	3.174136e+02
3.287000e+03	3.094382e+02
3.288000e+03	3.197081e+02
3.289000e+03	3.147037e+02
3.290000e+03	2.862841e+02
3.291000e+03	3.133036e+02
3.292000e+03	3.217705e+02
3.293000e+03	2.785881e+02
3.294000e+03	2.953926e+02
3.295000e+03	3.218541e+02
3.296000e+03	3.193483e+02
3.297000e+03	3.096310e+02
3.298000e+03	3.049435e+02
3.299000e+03	3.308397e+02
3.300000e+03	3.326712e+02
3.301000e+03	3.198657e+02
3.302000e+03	3.194120e+02
3.303000e+03	3.130762e+02
3.304000e+03	3.168387e+02
3.305000e+03	3.171920e+02
3.306000e+03	3.349425e+02
3.307000e+03	3.536854e+02
3.308000e+03	2.930039e+02
3.309000e+03	3.027143e+02
3.310000e+03	3.043571e+02
3.311000e+03	3.326811e+02
3.312000e+03	3.485930e+02
3.313000e+03	3.367789e+02
3.314000e+03	3.355785e+02
3.315000e+03	3.330578e+02
3.316000e+03	3.377446e+02
3.317000e+03	3.404612e+02
3.318000e+03	3.237701e+02
3.319000e+03	3.324622e+02
3.320000e+03	3.078728e+02
3.321000e+03	3.730639e+02
3.322000e+03	3.762538e+02
3.323000e+03	3.513306e+02
3.324000e+03	3.411012e+02
3.325000e+03	3.602735e+02
3.326000e+03	3.368080e+02
3.327000e+03	2.808642e+02
3.328000e+03	2.914465e+02
3.329000e+03	3.252136e+02
3.330000e+03	3.426490e+02
3.331000e+03	3.262678e+02
3.332000e+03	3.365871e+02
3.333000e+03	3.331066e+02
3.334000e+03	3.296266e+02
3.335000e+03	3.261466e+02
3.336000e+03	3.225121e+02
3.337000e+03	3.316265e+02
3.338000e+03	3.612491e+02
3.339000e+03	3.195210e+02
3.340000e+03	3.087911e+02
3.341000e+03	3.955287e+02
3.342000e+03	3.620266e+02
3.343000e+03	3.125137e+02
3.344000e+03	3.308663e+02
3.345000e+03	3.492230e+02
3.346000e+03	3.675768e+02
3.347000e+03	3.859312e+02
3.348000e+03	3.970495e+02
3.349000e+03	3.466944e+02
3.350000e+03	3.240552e+02
3.351000e+03	3.290924e+02
3.352000e+03	3.207651e+02
3.353000e+03	3.335979e+02
3.354000e+03	3.616995e+02
3.355000e+03	3.555533e+02
3.356000e+03	3.182552e+02
3.357000e+03	3.543737e+02
3.358000e+03	3.691647e+02
3.359000e+03	3.412077e+02
3.360000e+03	3.577763e+02
3.361000e+03	3.445685e+02
3.362000e+03	3.458179e+02
3.363000e+03	3.413824e+02
3.364000e+03	3.892152e+02
3.365000e+03	3.819060e+02
3.366000e+03	3.416759e+02
3.367000e+03	3.211299e+02
3.368000e+03	3.170461e+02
3.369000e+03	3.835798e+02
3.370000e+03	3.746030e+02
3.371000e+03	3.797123e+02
3.372000e+03	3.543799e+02
3.373000e+03	3.900912e+02
3.374000e+03	3.674596e+02
3.375000e+03	3.529124e+02
3.376000e+03	3.354830e+02
3.377000e+03	3.451067e+02
3.378000e+03	3.838142e+02
3.379000e+03	3.973241e+02
3.380000e+03	3.570474e+02
3.381000e+03	3.382091e+02
3.382000e+03	3.284019e+02
3.383000e+03	3.460844e+02
3.384000e+03	3.778178e+02
3.385000e+03	3.818957e+02
3.386000e+03	3.979238e+02
3.387000e+03	3.878079e+02
3.388000e+03	3.807201e+02
3.389000e+03	3.706307e+02
3.390000e+03	3.579662e+02
3.391000e+03	3.694538e+02
3.392000e+03	3.383069e+02
3.393000e+03	3.491099e+02
3.394000e+03	3.576616e+02
3.395000e+03	3.707596e+02
3.396000e+03	3.836321e+02
3.397000e+03	3.893612e+02
3.398000e+03	3.930085e+02
3.399000e+03	3.960284e+02
3.400000e+03	3.700607e+02
3.401000e+03	3.771782e+02
3.402000e+03	3.849912e+02
3.403000e+03	3.725072e+02
3.404000e+03	3.747260e+02
3.405000e+03	3.787662e+02
3.406000e+03	3.554157e+02
3.407000e+03	3.583811e+02
3.408000e+03	3.860344e+02
3.409000e+03	3.915273e+02
3.410000e+03	3.463411e+02
3.411000e+03	3.683170e+02
3.412000e+03	3.959611e+02
3.413000e+03	3.877651e+02
3.414000e+03	3.740540e+02
3.415000e+03	3.943647e+02
3.416000e+03	3.834729e+02
3.417000e+03	4.048684e+02
3.418000e+03	4.286492e+02
3.419000e+03	4.209212e+02
3.420000e+03	3.877080e+02
3.421000e+03	3.900498e+02
3.422000e+03	4.040478e+02
3.423000e+03	3.593002e+02
3.424000e+03	3.665842e+02
3.425000e+03	3.653077e+02
3.426000e+03	3.763982e+02
3.427000e+03	3.990317e+02
3.428000e+03	4.041409e+02
3.429000e+03	4.065984e+02
3.430000e+03	3.983164e+02
3.431000e+03	3.657395e+02
3.432000e+03	3.653921e+02
3.433000e+03	3.798790e+02
3.434000e+03	3.668549e+02
3.435000e+03	3.941340e+02
3.436000e+03	3.882199e+02
3.437000e+03	3.773258e+02
3.438000e+03	3.784798e+02
3.439000e+03	3.840404e+02
3.440000e+03	4.074185e+02
3.441000e+03	4.089285e+02
3.442000e+03	3.751759e+02
3.443000e+03	4.066271e+02
3.444000e+03	3.847352e+02
3.445000e+03	4.013483e+02
3.446000e+03	3.922261e+02
3.447000e+03	3.810517e+02
3.448000e+03	3.633164e+02
3.449000e+03	3.902190e+02
3.450000e+03	3.722215e+02
3.451000e+03	3.730867e+02
3.452000e+03	3.979053e+02
3.453000e+03	4.078304e+02
3.454000e+03	3.910143e+02
3.455000e+03	3.991044e+02
3.456000e+03	3.930920e+02
3.457000e+03	3.693297e+02
3.458000e+03	3.847901e+02
3.459000e+03	3.874931e+02
3.460000e+03	3.749350e+02
3.461000e+03	4.025311e+02
3.462000e+03	4.229768e+02
3.463000e+03	3.693346e+02
3.464000e+03	4.121973e+02
3.465000e+03	4.244974e+02
3.466000e+03	4.152988e+02
3.467000e+03	4.409807e+02
3.468000e+03	4.146687e+02
3.469000e+03	4.229934e+02
3.470000e+03	4.339876e+02
3.471000e+03	3.926331e+02
3.472000e+03	3.910768e+02
3.473000e+03	3.928166e+02
3.474000e+03	4.120391e+02
3.475000e+03	3.943579e+02
3.476000e+03	4.062121e+02
3.477000e+03	4.029528e+02
3.478000e+03	4.067279e+02
3.479000e+03	3.989241e+02
3.480000e+03	3.902260e+02
3.481000e+03	4.098991e+02
3.482000e+03	4.042472e+02
3.483000e+03	3.962158e+02
3.484000e+03	3.819757e+02
3.485000e+03	3.869091e+02
3.486000e+03	4.264764e+02
3.487000e+03	4.187788e+02
3.488000e+03	4.138425e+02
3.489000e+03	3.898143e+02
3.490000e+03	3.981814e+02
3.491000e+03	3.888209e+02
3.492000e+03	3.775545e+02
3.493000e+03	3.863198e+02
3.494000e+03	4.082971e+02
3.495000e+03	3.913011e+02
3.496000e+03	3.981829e+02
3.497000e+03	3.855778e+02
3.498000e+03	3.839305e+02
3.499000e+03	4.505868e+02
3.500000e+03	4.320396e+02
3.501000e+03	4.129636e+02
3.502000e+03	4.128488e+02
3.503000e+03	4.220948e+02
3.504000e+03	4.167523e+02
3.505000e+03	3.894723e+02
3.506000e+03	3.913200e+02
3.507000e+03	4.192550e+02
3.508000e+03	4.057494e+02
3.509000e+03	4.060980e+02
3.510000e+03	4.120035e+02
3.511000e+03	3.891882e+02
3.512000e+03	3.847066e+02
3.513000e+03	4.272490e+02
3.514000e+03	4.370300e+02
3.515000e+03	4.195627e+02
3.516000e+03	4.276000e+02
3.517000e+03	4.237701e+02
3.518000e+03	4.271964e+02
3.519000e+03	4.496811e+02
3.520000e+03	4.320721e+02
3.521000e+03	4.045759e+02
3.522000e+03	4.455132e+02
3.523000e+03	4.333006e+02
3.524000e+03	4.284498e+02
3.525000e+03	3.717615e+02
3.526000e+03	4.150973e+02
3.527000e+03	4.176035e+02
3.528000e+03	4.260877e+02
3.529000e+03	4.385821e+02
3.530000e+03	4.163854e+02
3.531000e+03	4.366185e+02
3.532000e+03	4.239473e+02
3.533000e+03	4.121878e+02
3.534000e+03	4.406702e+02
3.535000e+03	4.330839e+02
3.536000e+03	4.471419e+02
3.537000e+03	4.559609e+02
3.538000e+03	4.504793e+02
3.539000e+03	4.357107e+02
3.540000e+03	4.407333e+02
3.541000e+03	3.890894e+02
3.542000e+03	4.298228e+02
3.543000e+03	4.689953e+02
3.544000e+03	4.278540e+02
3.545000e+03	3.981910e+02
3.546000e+03	4.157771e+02
3.547000e+03	4.394015e+02
3.548000e+03	4.615853e+02
3.549000e+03	4.302134e+02
3.550000e+03	4.197301e+02
3.551000e+03	4.575149e+02
3.552000e+03	4.307679e+02
3.553000e+03	4.102010e+02
3.554000e+03	4.150201e+02
3.555000e+03	4.254025e+02
3.556000e+03	4.381765e+02
3.557000e+03	4.443713e+02
3.558000e+03	4.199844e+02
3.559000e+03	4.539970e+02
3.560000e+03	4.483524e+02
3.561000e+03	4.350838e+02
3.562000e+03	4.310816e+02
3.563000e+03	4.107849e+02
3.564000e+03	4.321729e+02
3.565000e+03	4.319703e+02
3.566000e+03	4.323620e+02
3.567000e+03	4.303346e+02
3.568000e+03	4.336935e+02
3.569000e+03	3.965195e+02
3.570000e+03	4.273968e+02
3.571000e+03	4.540598e+02
3.572000e+03	4.378121e+02
3.573000e+03	4.238625e+02
3.574000e+03	4.222949e+02
3.575000e+03	4.325504e+02
3.576000e+03	4.182588e+02
3.577000e+03	4.195777e+02
3.578000e+03	4.340261e+02
3.579000e+03	4.368388e+02
3.580000e+03	4.816872e+02
3.581000e+03	4.747799e+02
3.582000e+03	4.223225e+02
3.583000e+03	4.453541e+02
3.584000e+03	4.285693e+02
3.585000e+03	4.533714e+02
3.586000e+03	4.197686e+02
3.587000e+03	4.301442e+02
3.588000e+03	4.242042e+02
3.589000e+03	4.228715e+02
3.590000e+03	4.121211e+02
3.591000e+03	4.201391e+02
3.592000e+03	4.344058e+02
3.593000e+03	4.407422e+02
3.594000e+03	4.611792e+02
3.595000e+03	4.709793e+02
3.596000e+03	4.404454e+02
3.597000e+03	4.268530e+02
3.598000e+03	3.600702e+02
3.599000e+03	3.543762e+02
3.600000e+03	4.188870e+02
3.601000e+03	4.545313e+02
3.602000e+03	4.266043e+02
3.603000e+03	4.301085e+02
3.604000e+03	4.533402e+02
3.605000e+03	4.383440e+02
3.606000e+03	4.391069e+02
3.607000e+03	4.441183e+02
3.608000e+03	4.434049e+02
3.609000e+03	4.539380e+02
3.610000e+03	4.573043e+02
3.611000e+03	4.902592e+02
3.612000e+03	3.801222e+02
3.613000e+03	5.023435e+02
3.614000e+03	4.748703e+02
3.615000e+03	4.425585e+02
3.616000e+03	4.622269e+02
3.617000e+03	4.719521e+02
3.618000e+03	4.730991e+02
3.619000e+03	5.199621e+02
3.620000e+03	4.788448e+02
3.621000e+03	4.700060e+02
3.622000e+03	4.945482e+02
3.623000e+03	4.500472e+02
3.624000e+03	4.966997e+02
3.625000e+03	4.597613e+02
3.626000e+03	4.653948e+02
3.627000e+03	4.863352e+02
3.628000e+03	4.819454e+02
3.629000e+03	4.520729e+02
3.630000e+03	4.310405e+02
3.631000e+03	4.325858e+02
3.632000e+03	4.640157e+02
3.633000e+03	5.021777e+02
3.634000e+03	5.004301e+02
3.635000e+03	4.174353e+02
3.636000e+03	4.564586e+02
3.637000e+03	4.955373e+02
3.638000e+03	4.993871e+02
3.639000e+03	4.761212e+02
3.640000e+03	4.658963e+02
3.641000e+03	4.856749e+02
3.642000e+03	4.781353e+02
3.643000e+03	4.521011e+02
3.644000e+03	4.740794e+02
3.645000e+03	4.870783e+02
3.646000e+03	4.821219e+02
3.647000e+03	4.739473e+02
3.648000e+03	4.416197e+02
3.649000e+03	4.400174e+02
3.650000e+03	4.833699e+02
3.651000e+03	5.456239e+02
3.652000e+03	5.530530e+02
3.653000e+03	5.116678e+02
3.654000e+03	5.047780e+02
3.655000e+03	4.448238e+02
3.656000e+03	5.185138e+02
3.657000e+03	4.906655e+02
3.658000e+03	4.350899e+02
3.659000e+03	4.781947e+02
3.660000e+03	4.688201e+02
3.661000e+03	4.669031e+02
3.662000e+03	4.817684e+02
3.663000e+03	4.645684e+02
3.664000e+03	4.813841e+02
3.665000e+03	4.860332e+02
3.666000e+03	4.767316e+02
3.667000e+03	4.617971e+02
3.668000e+03	4.295408e+02
3.669000e+03	4.395639e+02
3.670000e+03	4.948704e+02
3.671000e+03	4.720645e+02
3.672000e+03	4.906065e+02
3.673000e+03	4.769254e+02
3.674000e+03	4.673545e+02
3.675000e+03	4.703609e+02
3.676000e+03	4.851257e+02
3.677000e+03	4.832864e+02
3.678000e+03	4.698354e+02
3.679000e+03	4.696082e+02
3.680000e+03	4.868728e+02
3.681000e+03	4.600064e+02
3.682000e+03	4.754468e+02
3.683000e+03	4.930810e+02
3.684000e+03	4.944668e+02
3.685000e+03	4.815453e+02
3.686000e+03	4.567374e+02
3.687000e+03	4.769555e+02
3.688000e+03	5.022954e+02
3.689000e+03	4.976108e+02
3.690000e+03	4.477014e+02
3.691000e+03	4.645210e+02
3.692000e+03	5.052352e+02
3.693000e+03	5.459399e+02
3.694000e+03	5.274720e+02
3.695000e+03	5.068853e+02
3.696000e+03	5.029951e+02
3.697000e+03	4.759138e+02
3.698000e+03	5.193803e+02
3.699000e+03	5.052332e+02
3.700000e+03	4.854078e+02
3.701000e+03	4.895645e+02
3.702000e+03	4.893962e+02
3.703000e+03	4.769133e+02
3.704000e+03	4.657547e+02
3.705000e+03	4.879696e+02
3.706000e+03	4.694477e+02
3.707000e+03	4.833325e+02
3.708000e+03	5.371452e+02
3.709000e+03	5.390953e+02
3.710000e+03	5.109003e+02
3.711000e+03	4.944725e+02
3.712000e+03	5.079341e+02
3.713000e+03	5.126510e+02
3.714000e+03	5.271575e+02
3.715000e+03	5.379784e+02
3.716000e+03	5.589642e+02
3.717000e+03	5.598076e+02
3.718000e+03	5.429810e+02
3.719000e+03	4.965035e+02
3.720000e+03	5.340338e+02
3.721000e+03	6.315411e+02
3.722000e+03	7.964822e+02
3.723000e+03	1.250394e+03
3.724000e+03	1.957664e+03
3.725000e+03	2.779712e+03
3.726000e+03	3.386874e+03
3.727000e+03	3.612665e+03
3.728000e+03	3.384854e+03
3.729000e+03	2.783223e+03
3.730000e+03	1.821712e+03
3.731000e+03	9.912928e+02
3.732000e+03	6.220979e+02
3.733000e+03	5.310818e+02
3.734000e+03	5.198233e+02
3.735000e+03	4.872022e+02
3.736000e+03	5.030124e+02
3.737000e+03	5.689316e+02
3.738000e+03	5.596828e+02
3.739000e+03	5.822682e+02
3.740000e+03	6.316674e+02
3.741000e+03	6.467138e+02
3.742000e+03	6.167396e+02
3.743000e+03	5.825863e+02
3.744000e+03	5.968472e+02
3.745000e+03	5.710365e+02
3.746000e+03	5.770885e+02
3.747000e+03	5.139312e+02
3.748000e+03	4.685711e+02
3.749000e+03	5.043334e+02
3.750000e+03	5.205708e+02
3.751000e+03	5.025956e+02
3.752000e+03	5.229142e+02
3.753000e+03	5.552948e+02
3.754000e+03	5.906405e+02
3.755000e+03	5.946197e+02
3.756000e+03	6.079070e+02
3.757000e+03	6.311897e+02
3.758000e+03	6.405808e+02
3.759000e+03	6.297400e+02
3.760000e+03	6.103510e+02
3.761000e+03	6.290290e+02
3.762000e+03	6.222420e+02
3.763000e+03	6.336593e+02
3.764000e+03	6.547206e+02
3.765000e+03	6.291469e+02
3.766000e+03	6.041841e+02
3.767000e+03	5.570435e+02
3.768000e+03	5.542690e+02
3.769000e+03	5.273723e+02
3.770000e+03	5.004354e+02
3.771000e+03	4.903111e+02
3.772000e+03	5.188698e+02
3.773000e+03	5.322128e+02
3.774000e+03	5.680189e+02
3.775000e+03	5.830742e+02
3.776000e+03	6.371150e+02
3.777000e+03	6.767045e+02
3.778000e+03	6.718241e+02
3.779000e+03	6.992959e+02
3.780000e+03	7.426131e+02
3.781000e+03	7.366739e+02
3.782000e+03	7.489955e+02
3.783000e+03	7.419283e+02
3.784000e+03	7.666593e+02
3.785000e+03	7.043970e+02
3.786000e+03	7.261251e+02
3.787000e+03	7.407055e+02
3.788000e+03	7.278996e+02
3.789000e+03	6.769420e+02
3.790000e+03	6.594300e+02
3.791000e+03	6.570525e+02
3.792000e+03	6.508857e+02
3.793000e+03	5.813159e+02
3.794000e+03	5.200070e+02
3.795000e+03	5.310899e+02
3.796000e+03	5.321769e+02
3.797000e+03	5.590081e+02
3.798000e+03	5.300049e+02
3.799000e+03	4.900745e+02
3.800000e+03	5.180541e+02
3.801000e+03	5.888352e+02
3.802000e+03	6.058674e+02
3.803000e+03	6.489250e+02
3.804000e+03	6.782040e+02
3.805000e+03	7.038394e+02
3.806000e+03	6.945167e+02
3.807000e+03	6.921031e+02
3.808000e+03	6.867750e+02
3.809000e+03	7.539384e+02
3.810000e+03	7.572938e+02
3.811000e+03	7.593655e+02
3.812000e+03	7.603037e+02
3.813000e+03	7.662224e+02
3.814000e+03	7.468877e+02
3.815000e+03	7.403725e+02
3.816000e+03	7.354778e+02
3.817000e+03	7.058099e+02
3.818000e+03	7.207274e+02
3.819000e+03	7.299723e+02
3.820000e+03	6.709078e+02
3.821000e+03	7.167214e+02
3.822000e+03	7.232242e+02
3.823000e+03	7.234980e+02
3.824000e+03	7.247500e+02
3.825000e+03	7.189110e+02
3.826000e+03	6.867675e+02
3.827000e+03	6.888607e+02
3.828000e+03	6.674662e+02
3.829000e+03	6.446465e+02
3.830000e+03	6.146238e+02
3.831000e+03	6.105845e+02
3.832000e+03	5.932202e+02
3.833000e+03	6.011959e+02
3.834000e+03	5.334778e+02
3.835000e+03	5.591569e+02
3.836000e+03	5.444108e+02
3.837000e+03	5.329795e+02
3.838000e+03	5.628090e+02
3.839000e+03	6.034570e+02
3.840000e+03	6.288924e+02
3.841000e+03	6.455771e+02
3.842000e+03	6.595117e+02
3.843000e+03	6.950741e+02
3.844000e+03	7.103525e+02
3.845000e+03	7.150192e+02
3.846000e+03	7.331677e+02
3.847000e+03	7.636288e+02
3.848000e+03	7.683714e+02
3.849000e+03	7.868697e+02
3.850000e+03	7.649151e+02
3.851000e+03	7.795359e+02
3.852000e+03	8.051610e+02
3.853000e+03	8.028244e+02
3.854000e+03	7.460636e+02
3.855000e+03	7.765176e+02
3.856000e+03	7.971749e+02
3.857000e+03	7.438553e+02
3.858000e+03	7.512269e+02
3.859000e+03	7.571213e+02
3.860000e+03	8.102536e+02
3.861000e+03	8.267894e+02
3.862000e+03	8.005939e+02
3.863000e+03	8.011833e+02
3.864000e+03	8.298363e+02
3.865000e+03	7.996841e+02
3.866000e+03	8.982595e+02
3.867000e+03	9.494745e+02
3.868000e+03	9.570204e+02
3.869000e+03	9.420379e+02
3.870000e+03	8.621280e+02
3.871000e+03	7.512658e+02
3.872000e+03	8.199283e+02
3.873000e+03	8.241940e+02
3.874000e+03	7.921879e+02
3.875000e+03	7.219177e+02
3.876000e+03	7.718191e+02
3.877000e+03	7.784359e+02
3.878000e+03	7.606610e+02
3.879000e+03	7.740829e+02
3.880000e+03	7.241058e+02
3.881000e+03	7.176602e+02
3.882000e+03	6.707216e+02
3.883000e+03	6.391742e+02
3.884000e+03	6.419960e+02
3.885000e+03	6.799014e+02
3.886000e+03	7.203226e+02
3.887000e+03	7.843493e+02
3.888000e+03	7.959337e+02
3.889000e+03	7.463558e+02
3.890000e+03	6.653735e+02
3.891000e+03	6.117247e+02
3.892000e+03	6.001287e+02
3.893000e+03	5.961965e+02
3.894000e+03	6.637561e+02
3.895000e+03	6.694732e+02
3.896000e+03	7.176408e+02
3.897000e+03	7.287169e+02
3.898000e+03	7.437633e+02
3.899000e+03	7.311206e+02
3.900000e+03	7.074667e+02
3.901000e+03	7.945142e+02
3.902000e+03	8.133795e+02
3.903000e+03	7.538122e+02
3.904000e+03	7.805502e+02
3.905000e+03	7.909786e+02
3.906000e+03	7.775412e+02
3.907000e+03	7.538535e+02
3.908000e+03	7.362205e+02
3.909000e+03	7.848943e+02
3.910000e+03	8.401525e+02
3.911000e+03	7.870118e+02
3.912000e+03	7.919654e+02
3.913000e+03	7.975813e+02
3.914000e+03	8.062137e+02
3.915000e+03	8.362342e+02
3.916000e+03	7.982574e+02
3.917000e+03	7.750106e+02
3.918000e+03	8.053541e+02
3.919000e+03	8.248243e+02
3.920000e+03	8.033030e+02
3.921000e+03	7.782458e+02
3.922000e+03	7.310433e+02
3.923000e+03	7.689752e+02
3.924000e+03	8.113745e+02
3.925000e+03	7.991512e+02
3.926000e+03	7.599814e+02
3.927000e+03	7.451822e+02
3.928000e+03	7.826200e+02
3.929000e+03	7.824544e+02
3.930000e+03	7.625393e+02
3.931000e+03	7.485957e+02
3.932000e+03	7.240692e+02
3.933000e+03	7.451133e+02
3.934000e+03	7.257534e+02
3.935000e+03	7.554920e+02
3.936000e+03	7.690443e+02
3.937000e+03	7.673627e+02
3.938000e+03	8.058037e+02
3.939000e+03	7.971501e+02
3.940000e+03	8.266017e+02
3.941000e+03	8.642503e+02
3.942000e+03	8.529698e+02
3.943000e+03	7.958239e+02
3.944000e+03	8.165803e+02
3.945000e+03	8.219540e+02
3.946000e+03	8.112820e+02
3.947000e+03	8.417245e+02
3.948000e+03	8.264724e+02
3.949000e+03	8.114520e+02
3.950000e+03	8.338989e+02
3.951000e+03	8.389919e+02
3.952000e+03	8.359692e+02
3.953000e+03	8.100378e+02
3.954000e+03	8.114301e+02
3.955000e+03	8.019027e+02
3.956000e+03	8.177398e+02
3.957000e+03	7.722286e+02
3.958000e+03	7.685592e+02
3.959000e+03	7.919093e+02
3.960000e+03	7.813560e+02
3.961000e+03	7.587899e+02
3.962000e+03	6.987664e+02
3.963000e+03	6.784173e+02
3.964000e+03	6.716023e+02
3.965000e+03	6.576779e+02
3.966000e+03	6.587109e+02
3.967000e+03	7.142455e+02
3.968000e+03	7.554090e+02
3.969000e+03	7.504869e+02
3.970000e+03	7.404998e+02
3.971000e+03	6.544238e+02
3.972000e+03	6.108523e+02
3.973000e+03	6.314453e+02
3.974000e+03	6.260664e+02
3.975000e+03	6.770068e+02
3.976000e+03	7.154091e+02
3.977000e+03	7.088094e+02
3.978000e+03	7.713212e+02
3.979000e+03	7.625297e+02
3.980000e+03	7.783155e+02
3.981000e+03	7.884983e+02
3.982000e+03	7.787564e+02
3.983000e+03	7.917985e+02
3.984000e+03	8.094863e+02
3.985000e+03	8.275470e+02
3.986000e+03	8.465086e+02
3.987000e+03	8.317898e+02
3.988000e+03	8.447915e+02
3.989000e+03	8.579262e+02
3.990000e+03	8.119427e+02
3.991000e+03	8.639113e+02
3.992000e+03	8.695461e+02
3.993000e+03	8.518914e+02
3.994000e+03	8.632557e+02
3.995000e+03	9.112512e+02
3.996000e+03	8.964259e+02
3.997000e+03	8.824701e+02
3.998000e+03	8.482691e+02
3.999000e+03	8.656915e+02
4.000000e+03	8.770227e+02
4.001000e+03	9.148203e+02
4.002000e+03	9.083982e+02
4.003000e+03	9.128185e+02
4.004000e+03	8.637693e+02
4.005000e+03	8.789183e+02
4.006000e+03	8.696480e+02
4.007000e+03	8.596701e+02
4.008000e+03	8.630774e+02
4.009000e+03	9.151400e+02
4.010000e+03	8.980378e+02
4.011000e+03	8.591458e+02
4.012000e+03	8.347914e+02
4.013000e+03	8.596507e+02
4.014000e+03	8.698236e+02
4.015000e+03	9.244229e+02
4.016000e+03	8.967819e+02
4.017000e+03	9.178372e+02
4.018000e+03	8.932864e+02
4.019000e+03	8.631290e+02
4.020000e+03	8.619292e+02
4.021000e+03	8.532834e+02
4.022000e+03	8.593463e+02
4.023000e+03	8.511210e+02
4.024000e+03	8.646542e+02
4.025000e+03	8.455767e+02
4.026000e+03	8.343074e+02
4.027000e+03	8.448918e+02
4.028000e+03	7.943884e+02
4.029000e+03	8.495008e+02
4.030000e+03	8.586741e+02
4.031000e+03	8.290032e+02
4.032000e+03	8.519377e+02
4.033000e+03	8.697816e+02
4.034000e+03	8.482724e+02
4.035000e+03	8.777338e+02
4.036000e+03	9.146187e+02
4.037000e+03	8.708824e+02
4.038000e+03	8.877956e+02
4.039000e+03	9.087678e+02
4.040000e+03	9.315227e+02
4.041000e+03	9.427400e+02
4.042000e+03	9.225009e+02
4.043000e+03	8.769880e+02
4.044000e+03	8.828343e+02
4.045000e+03	8.869536e+02
4.046000e+03	8.809194e+02
4.047000e+03	8.925115e+02
4.048000e+03	8.990644e+02
4.049000e+03	8.907360e+02
4.050000e+03	9.209171e+02
4.051000e+03	8.946253e+02
4.052000e+03	9.116238e+02
4.053000e+03	9.418584e+02
4.054000e+03	9.017828e+02
4.055000e+03	8.385968e+02
4.056000e+03	8.592028e+02
4.057000e+03	8.691447e+02
4.058000e+03	8.943810e+02
4.059000e+03	9.026112e+02
4.060000e+03	9.135596e+02
4.061000e+03	8.894105e+02
4.062000e+03	8.891562e+02
4.063000e+03	9.010870e+02
4.064000e+03	8.606627e+02
4.065000e+03	8.479999e+02
4.066000e+03	8.849802e+02
4.067000e+03	9.079724e+02
4.068000e+03	9.399109e+02
4.069000e+03	9.235255e+02
4.070000e+03	9.056259e+02
4.071000e+03	8.950671e+02
4.072000e+03	9.014037e+02
4.073000e+03	8.729434e+02
4.074000e+03	8.770007e+02
4.075000e+03	9.022980e+02
4.076000e+03	8.689430e+02
4.077000e+03	8.691756e+02
4.078000e+03	8.588267e+02
4.079000e+03	8.162136e+02
4.080000e+03	8.553707e+02
4.081000e+03	8.742940e+02
4.082000e+03	8.764095e+02
4.083000e+03	8.571013e+02
4.084000e+03	8.446970e+02
4.085000e+03	8.487716e+02
4.086000e+03	8.434407e+02
4.087000e+03	8.646615e+02
4.088000e+03	8.893680e+02
4.089000e+03	8.845703e+02
4.090000e+03	8.599513e+02
4.091000e+03	8.140802e+02
4.092000e+03	7.970275e+02
4.093000e+03	7.549126e+02
4.094000e+03	7.486653e+02
4.095000e+03	7.316920e+02
4.096000e+03	7.415381e+02
4.097000e+03	7.378862e+02
4.098000e+03	7.811927e+02
4.099000e+03	8.833715e+02
4.100000e+03	1.018147e+03
4.101000e+03	1.031802e+03
4.102000e+03	9.717589e+02
4.103000e+03	8.327711e+02
4.104000e+03	7.143205e+02
4.105000e+03	6.951647e+02
4.106000e+03	7.107987e+02
4.107000e+03	6.998530e+02
4.108000e+03	7.461656e+02
4.109000e+03	8.051120e+02
4.110000e+03	7.992443e+02
4.111000e+03	8.451167e+02
4.112000e+03	8.776294e+02
4.113000e+03	8.481609e+02
4.114000e+03	8.597553e+02
4.115000e+03	8.659744e+02
4.116000e+03	8.102902e+02
4.117000e+03	8.491836e+02
4.118000e+03	8.532663e+02
4.119000e+03	8.359476e+02
4.120000e+03	8.695458e+02
4.121000e+03	8.803301e+02
4.122000e+03	8.537179e+02
4.123000e+03	8.656749e+02
4.124000e+03	8.566168e+02
4.125000e+03	9.047171e+02
4.126000e+03	9.027550e+02
4.127000e+03	8.584988e+02
4.128000e+03	8.601953e+02
4.129000e+03	8.490168e+02
4.130000e+03	8.572623e+02
4.131000e+03	8.551992e+02
4.132000e+03	8.874398e+02
4.133000e+03	8.456192e+02
4.134000e+03	8.866496e+02
4.135000e+03	8.989930e+02
4.136000e+03	8.711663e+02
4.137000e+03	8.633477e+02
4.138000e+03	8.950636e+02
4.139000e+03	9.633742e+02
4.140000e+03	8.869179e+02
4.141000e+03	8.764506e+02
4.142000e+03	8.664395e+02
4.143000e+03	8.048815e+02
4.144000e+03	8.459229e+02
4.145000e+03	8.881742e+02
4.146000e+03	8.631663e+02
4.147000e+03	8.865121e+02
4.148000e+03	8.778949e+02
4.149000e+03	9.049586e+02
4.150000e+03	9.286517e+02
4.151000e+03	9.109549e+02
4.152000e+03	8.961779e+02
4.153000e+03	9.224320e+02
4.154000e+03	8.927145e+02
4.155000e+03	9.233210e+02
4.156000e+03	9.164555e+02
4.157000e+03	8.893864e+02
4.158000e+03	9.102168e+02
4.159000e+03	8.911442e+02
4.160000e+03	9.225411e+02
4.161000e+03	9.187625e+02
4.162000e+03	9.067833e+02
4.163000e+03	9.073062e+02
4.164000e+03	9.015613e+02
4.165000e+03	9.010906e+02
4.166000e+03	8.379660e+02
4.167000e+03	8.939584e+02
4.168000e+03	9.081423e+02
4.169000e+03	8.678848e+02
4.170000e+03	8.561372e+02
4.171000e+03	8.627244e+02
4.172000e+03	8.802001e+02
4.173000e+03	8.947072e+02
4.174000e+03	8.786043e+02
4.175000e+03	8.675014e+02
4.176000e+03	9.132618e+02
4.177000e+03	9.270162e+02
4.178000e+03	8.805649e+02
4.179000e+03	9.046085e+02
4.180000e+03	8.675494e+02
4.181000e+03	8.742437e+02
4.182000e+03	8.969543e+02
4.183000e+03	9.052223e+02
4.184000e+03	9.217067e+02
4.185000e+03	8.944057e+02
4.186000e+03	9.242756e+02
4.187000e+03	9.117933e+02
4.188000e+03	8.966151e+02
4.189000e+03	9.294282e+02
4.190000e+03	8.723639e+02
4.191000e+03	9.178059e+02
4.192000e+03	9.037591e+02
4.193000e+03	9.007703e+02
4.194000e+03	9.477155e+02
4.195000e+03	9.319929e+02
4.196000e+03	8.833481e+02
4.197000e+03	9.223483e+02
4.198000e+03	9.008690e+02
4.199000e+03	9.375548e+02
4.200000e+03	9.308144e+02
4.201000e+03	8.949057e+02
4.202000e+03	9.113905e+02
4.203000e+03	9.124914e+02
4.204000e+03	9.278498e+02
4.205000e+03	9.224806e+02
4.206000e+03	9.074995e+02
4.207000e+03	8.942203e+02
4.208000e+03	9.149297e+02
4.209000e+03	9.027409e+02
4.210000e+03	8.924762e+02
4.211000e+03	9.348928e+02
4.212000e+03	9.253470e+02
4.213000e+03	9.106429e+02
4.214000e+03	9.156650e+02
4.215000e+03	9.271372e+02
4.216000e+03	8.791204e+02
4.217000e+03	8.803590e+02
4.218000e+03	9.458920e+02
4.219000e+03	9.498324e+02
4.220000e+03	8.941513e+02
4.221000e+03	9.619642e+02
4.222000e+03	9.481479e+02
4.223000e+03	9.432802e+02
4.224000e+03	9.239685e+02
4.225000e+03	8.958016e+02
4.226000e+03	9.056727e+02
4.227000e+03	9.271360e+02
4.228000e+03	9.218794e+02
4.229000e+03	8.968878e+02
4.230000e+03	9.037724e+02
4.231000e+03	9.114583e+02
4.232000e+03	9.214844e+02
4.233000e+03	9.008050e+02
4.234000e+03	9.374881e+02
4.235000e+03	8.959422e+02
4.236000e+03	9.098008e+02
4.237000e+03	9.008868e+02
4.238000e+03	8.912815e+02
4.239000e+03	9.032129e+02
4.240000e+03	9.183249e+02
4.241000e+03	9.253936e+02
4.242000e+03	9.404834e+02
4.243000e+03	9.359594e+02
4.244000e+03	8.827334e+02
4.245000e+03	9.283085e+02
4.246000e+03	9.236783e+02
4.247000e+03	8.926599e+02
4.248000e+03	8.977668e+02
4.249000e+03	9.096459e+02
4.250000e+03	9.154533e+02
4.251000e+03	9.144858e+02
4.252000e+03	9.241852e+02
4.253000e+03	8.680454e+02
4.254000e+03	9.023748e+02
4.255000e+03	9.396294e+02
4.256000e+03	9.732416e+02
4.257000e+03	9.596425e+02
4.258000e+03	9.164336e+02
4.259000e+03	8.805889e+02
4.260000e+03	8.970796e+02
4.261000e+03	8.803516e+02
4.262000e+03	9.335552e+02
4.263000e+03	9.349445e+02
4.264000e+03	9.317896e+02
4.265000e+03	9.379821e+02
4.266000e+03	9.223219e+02
4.267000e+03	9.092270e+02
4.268000e+03	8.670254e+02
4.269000e+03	9.163688e+02
4.270000e+03	9.010952e+02
4.271000e+03	8.921635e+02
4.272000e+03	9.109374e+02
4.273000e+03	9.206171e+02
4.274000e+03	9.069396e+02
4.275000e+03	9.102086e+02
4.276000e+03	9.059510e+02
4.277000e+03	9.117789e+02
4.278000e+03	9.102742e+02
4.279000e+03	9.065170e+02
4.280000e+03	8.782420e+02
4.281000e+03	8.511537e+02
4.282000e+03	8.945358e+02
4.283000e+03	9.269699e+02
4.284000e+03	9.462288e+02
4.285000e+03	9.044439e+02
4.286000e+03	9.690128e+02
4.287000e+03	9.287093e+02
4.288000e+03	8.977818e+02
4.289000e+03	9.093532e+02
4.290000e+03	8.991515e+02
4.291000e+03	8.817770e+02
4.292000e+03	9.373907e+02
4.293000e+03	9.073702e+02
4.294000e+03	8.969047e+02
4.295000e+03	8.874333e+02
4.296000e+03	9.088825e+02
4.297000e+03	8.708047e+02
4.298000e+03	8.696880e+02
4.299000e+03	8.616341e+02
4.300000e+03	8.747813e+02
4.301000e+03	8.206399e+02
4.302000e+03	8.824850e+02
4.303000e+03	8.805252e+02
4.304000e+03	8.591903e+02
4.305000e+03	8.700270e+02
4.306000e+03	8.438061e+02
4.307000e+03	8.614015e+02
4.308000e+03	8.810614e+02
4.309000e+03	9.281319e+02
4.310000e+03	9.113268e+02
4.311000e+03	8.864192e+02
4.312000e+03	8.512564e+02
4.313000e+03	8.900367e+02
4.314000e+03	8.697953e+02
4.315000e+03	8.994845e+02
4.316000e+03	8.929665e+02
4.317000e+03	8.804977e+02
4.318000e+03	9.231521e+02
4.319000e+03	8.904949e+02
4.320000e+03	8.829263e+02
4.321000e+03	8.676617e+02
4.322000e+03	8.604407e+02
4.323000e+03	8.567927e+02
4.324000e+03	8.228274e+02
4.325000e+03	8.551282e+02
4.326000e+03	8.633369e+02
4.327000e+03	8.263027e+02
4.328000e+03	8.626754e+02
4.329000e+03	8.494132e+02
4.330000e+03	8.362983e+02
4.331000e+03	8.269907e+02
4.332000e+03	8.454534e+02
4.333000e+03	7.815585e+02
4.334000e+03	7.551910e+02
4.335000e+03	7.766276e+02
4.336000e+03	8.370664e+02
4.337000e+03	1.016695e+03
4.338000e+03	1.321627e+03
4.339000e+03	1.599571e+03
4.340000e+03	1.664169e+03
4.341000e+03	1.343118e+03
4.342000e+03	9.566944e+02
4.343000e+03	7.894628e+02
4.344000e+03	7.040426e+02
4.345000e+03	7.495020e+02
4.346000e+03	7.861143e+02
4.347000e+03	7.886283e+02
4.348000e+03	8.010255e+02
4.349000e+03	8.236145e+02
4.350000e+03	8.439639e+02
4.351000e+03	8.526361e+02
4.352000e+03	8.558677e+02
4.353000e+03	8.254736e+02
4.354000e+03	8.589345e+02
4.355000e+03	9.106235e+02
4.356000e+03	9.151976e+02
4.357000e+03	9.042287e+02
4.358000e+03	9.200204e+02
4.359000e+03	9.129040e+02
4.360000e+03	9.361597e+02
4.361000e+03	9.372585e+02
4.362000e+03	9.566681e+02
4.363000e+03	9.286930e+02
4.364000e+03	8.923239e+02
4.365000e+03	9.374890e+02
4.366000e+03	9.773190e+02
4.367000e+03	9.672899e+02
4.368000e+03	9.333957e+02
4.369000e+03	9.273473e+02
4.370000e+03	9.270162e+02
4.371000e+03	9.624345e+02
4.372000e+03	9.292624e+02
4.373000e+03	8.767026e+02
4.374000e+03	8.950714e+02
4.375000e+03	8.954969e+02
4.376000e+03	8.993898e+02
4.377000e+03	9.011705e+02
4.378000e+03	9.152286e+02
4.379000e+03	9.380118e+02
4.380000e+03	9.433947e+02
4.381000e+03	8.899427e+02
4.382000e+03	8.485567e+02
4.383000e+03	8.446681e+02
4.384000e+03	8.705556e+02
4.385000e+03	8.499536e+02
4.386000e+03	8.604161e+02
4.387000e+03	8.847498e+02
4.388000e+03	8.809583e+02
4.389000e+03	8.566118e+02
4.390000e+03	8.648774e+02
4.391000e+03	8.978516e+02
4.392000e+03	8.847477e+02
4.393000e+03	8.755931e+02
4.394000e+03	8.760696e+02
4.395000e+03	9.084219e+02
4.396000e+03	9.202981e+02
4.397000e+03	9.224749e+02
4.398000e+03	9.205915e+02
4.399000e+03	9.037129e+02
4.400000e+03	9.079673e+02
4.401000e+03	9.708853e+02
4.402000e+03	1.066616e+03
4.403000e+03	9.224408e+02
4.404000e+03	9.225306e+02
4.405000e+03	1.000582e+03
4.406000e+03	9.222509e+02
4.407000e+03	1.018882e+03
4.408000e+03	9.304820e+02
4.409000e+03	8.958438e+02
4.410000e+03	9.361041e+02
4.411000e+03	9.061199e+02
4.412000e+03	9.395475e+02
4.413000e+03	9.302731e+02
4.414000e+03	8.881784e+02
4.415000e+03	9.046271e+02
4.416000e+03	9.057220e+02
4.417000e+03	9.175941e+02
4.418000e+03	9.276292e+02
4.419000e+03	9.725039e+02
4.420000e+03	9.533452e+02
4.421000e+03	9.176486e+02
4.422000e+03	8.974484e+02
4.423000e+03	9.498527e+02
4.424000e+03	9.373202e+02
4.425000e+03	9.445863e+02
4.426000e+03	9.588219e+02
4.427000e+03	9.207073e+02
4.428000e+03	9.306431e+02
4.429000e+03	9.321568e+02
4.430000e+03	9.259222e+02
4.431000e+03	8.825905e+02
4.432000e+03	8.935065e+02
4.433000e+03	8.804848e+02
4.434000e+03	9.212275e+02
4.435000e+03	8.749858e+02
4.436000e+03	9.346967e+02
4.437000e+03	9.668144e+02
4.438000e+03	9.363929e+02
4.439000e+03	8.924694e+02
4.440000e+03	8.911000e+02
4.441000e+03	8.990775e+02
4.442000e+03	8.918755e+02
4.443000e+03	8.779019e+02
4.444000e+03	8.796066e+02
4.445000e+03	8.763855e+02
4.446000e+03	9.289277e+02
4.447000e+03	9.476968e+02
4.448000e+03	9.675607e+02
4.449000e+03	9.731247e+02
4.450000e+03	9.602901e+02
4.451000e+03	9.130214e+02
4.452000e+03	8.898201e+02
4.453000e+03	9.348462e+02
4.454000e+03	9.589407e+02
4.455000e+03	9.282006e+02
4.456000e+03	9.224604e+02
4.457000e+03	8.931052e+02
4.458000e+03	9.322428e+02
4.459000e+03	8.897856e+02
4.460000e+03	9.064168e+02
4.461000e+03	9.028641e+02
4.462000e+03	9.181034e+02
4.463000e+03	9.236236e+02
4.464000e+03	8.900717e+02
4.465000e+03	9.205963e+02
4.466000e+03	9.659422e+02
4.467000e+03	9.389202e+02
4.468000e+03	9.033300e+02
4.469000e+03	8.869978e+02
4.470000e+03	9.400607e+02
4.471000e+03	9.825920e+02
4.472000e+03	9.799621e+02
4.473000e+03	9.685275e+02
4.474000e+03	9.022204e+02
4.475000e+03	9.447536e+02
4.476000e+03	9.475139e+02
4.477000e+03	9.397318e+02
4.478000e+03	9.238681e+02
4.479000e+03	9.248137e+02
4.480000e+03	9.100608e+02
4.481000e+03	8.883051e+02
4.482000e+03	9.031380e+02
4.483000e+03	9.307862e+02
4.484000e+03	9.464162e+02
4.485000e+03	9.813762e+02
4.486000e+03	9.803012e+02
4.487000e+03	9.714978e+02
4.488000e+03	9.775041e+02
4.489000e+03	9.513765e+02
4.490000e+03	9.855090e+02
4.491000e+03	9.619246e+02
4.492000e+03	9.627301e+02
4.493000e+03	9.370748e+02
4.494000e+03	9.625148e+02
4.495000e+03	9.377672e+02
4.496000e+03	8.763800e+02
4.497000e+03	8.843100e+02
4.498000e+03	9.173362e+02
4.499000e+03	9.507020e+02
4.500000e+03	9.241706e+02
4.501000e+03	9.323331e+02
4.502000e+03	9.497372e+02
4.503000e+03	9.348758e+02
4.504000e+03	9.671814e+02
4.505000e+03	1.000058e+03
4.506000e+03	9.715629e+02
4.507000e+03	9.204011e+02
4.508000e+03	9.406434e+02
4.509000e+03	1.001791e+03
4.510000e+03	9.470455e+02
4.511000e+03	9.537546e+02
4.512000e+03	9.512094e+02
4.513000e+03	9.322213e+02
4.514000e+03	9.684861e+02
4.515000e+03	9.580745e+02
4.516000e+03	9.326610e+02
4.517000e+03	9.081700e+02
4.518000e+03	9.329375e+02
4.519000e+03	9.591135e+02
4.520000e+03	9.307736e+02
4.521000e+03	9.500557e+02
4.522000e+03	9.379201e+02
4.523000e+03	8.957599e+02
4.524000e+03	9.577836e+02
4.525000e+03	9.493293e+02
4.526000e+03	9.191846e+02
4.527000e+03	9.272381e+02
4.528000e+03	9.462247e+02
4.529000e+03	9.084261e+02
4.530000e+03	9.241698e+02
4.531000e+03	8.888562e+02
4.532000e+03	9.123821e+02
4.533000e+03	9.851737e+02
4.534000e+03	9.392789e+02
4.535000e+03	9.191777e+02
4.536000e+03	9.729222e+02
4.537000e+03	9.296299e+02
4.538000e+03	9.505011e+02
4.539000e+03	9.250382e+02
4.540000e+03	8.962710e+02
4.541000e+03	9.256261e+02
4.542000e+03	9.156258e+02
4.543000e+03	9.498538e+02
4.544000e+03	9.391235e+02
4.545000e+03	9.245079e+02
4.546000e+03	9.197031e+02
4.547000e+03	9.410059e+02
4.548000e+03	9.124527e+02
4.549000e+03	9.466408e+02
4.550000e+03	9.072118e+02
4.551000e+03	8.923447e+02
4.552000e+03	9.105976e+02
4.553000e+03	8.945656e+02
4.554000e+03	8.898087e+02
4.555000e+03	8.814519e+02
4.556000e+03	9.164073e+02
4.557000e+03	9.453858e+02
4.558000e+03	9.343453e+02
4.559000e+03	9.537526e+02
4.560000e+03	9.468170e+02
4.561000e+03	9.061369e+02
4.562000e+03	9.586521e+02
4.563000e+03	9.579225e+02
4.564000e+03	9.391521e+02
4.565000e+03	9.546240e+02
4.566000e+03	9.551224e+02
4.567000e+03	9.622390e+02
4.568000e+03	9.356808e+02
4.569000e+03	9.593141e+02
4.570000e+03	9.680631e+02
4.571000e+03	9.139212e+02
4.572000e+03	9.517565e+02
4.573000e+03	9.932598e+02
4.574000e+03	9.045094e+02
4.575000e+03	9.386822e+02
4.576000e+03	9.543799e+02
4.577000e+03	9.564118e+02
4.578000e+03	9.460249e+02
4.579000e+03	9.507901e+02
4.580000e+03	9.505413e+02
4.581000e+03	9.464961e+02
4.582000e+03	9.477459e+02
4.583000e+03	9.370807e+02
4.584000e+03	8.979362e+02
4.585000e+03	9.331372e+02
4.586000e+03	9.492913e+02
4.587000e+03	9.817018e+02
4.588000e+03	9.676828e+02
4.589000e+03	9.278482e+02
4.590000e+03	9.038168e+02
4.591000e+03	9.014041e+02
4.592000e+03	9.092473e+02
4.593000e+03	9.255296e+02
4.594000e+03	9.470117e+02
4.595000e+03	9.959880e+02
4.596000e+03	9.367769e+02
4.597000e+03	9.242495e+02
4.598000e+03	9.621203e+02
4.599000e+03	9.631326e+02
4.600000e+03	9.212987e+02
4.601000e+03	9.998156e+02
4.602000e+03	9.872274e+02
4.603000e+03	9.230886e+02
4.604000e+03	9.227593e+02
4.605000e+03	9.362269e+02
4.606000e+03	9.552199e+02
4.607000e+03	9.767384e+02
4.608000e+03	9.543991e+02
4.609000e+03	9.600610e+02
4.610000e+03	9.705215e+02
4.611000e+03	9.600499e+02
4.612000e+03	9.421622e+02
4.613000e+03	9.363450e+02
4.614000e+03	9.360823e+02
4.615000e+03	9.576646e+02
4.616000e+03	9.964942e+02
4.617000e+03	9.988776e+02
4.618000e+03	9.642301e+02
4.619000e+03	9.889112e+02
4.620000e+03	9.588356e+02
4.621000e+03	9.513059e+02
4.622000e+03	9.541295e+02
4.623000e+03	9.876129e+02
4.624000e+03	9.497093e+02
4.625000e+03	9.634240e+02
4.626000e+03	9.775176e+02
4.627000e+03	9.393950e+02
4.628000e+03	9.194978e+02
4.629000e+03	9.449320e+02
4.630000e+03	9.659041e+02
4.631000e+03	9.800016e+02
4.632000e+03	9.563287e+02
4.633000e+03	9.740030e+02
4.634000e+03	9.556856e+02
4.635000e+03	9.869052e+02
4.636000e+03	9.871511e+02
4.637000e+03	9.693676e+02
4.638000e+03	9.571519e+02
4.639000e+03	9.495180e+02
4.640000e+03	9.752542e+02
4.641000e+03	9.969885e+02
4.642000e+03	9.832495e+02
4.643000e+03	9.789190e+02
4.644000e+03	9.718019e+02
4.645000e+03	9.750642e+02
4.646000e+03	9.403437e+02
4.647000e+03	9.433732e+02
4.648000e+03	9.486124e+02
4.649000e+03	9.522844e+02
4.650000e+03	9.307825e+02
4.651000e+03	8.955032e+02
4.652000e+03	9.197094e+02
4.653000e+03	9.121054e+02
4.654000e+03	9.114910e+02
4.655000e+03	1.018074e+03
4.656000e+03	9.625564e+02
4.657000e+03	9.056659e+02
4.658000e+03	9.572130e+02
4.659000e+03	9.614875e+02
4.660000e+03	9.901971e+02
4.661000e+03	9.657535e+02
4.662000e+03	9.694793e+02
4.663000e+03	9.665717e+02
4.664000e+03	9.444889e+02
4.665000e+03	9.240848e+02
4.666000e+03	9.209664e+02
4.667000e+03	9.115913e+02
4.668000e+03	9.201712e+02
4.669000e+03	9.614430e+02
4.670000e+03	9.417310e+02
4.671000e+03	9.525548e+02
4.672000e+03	9.439643e+02
4.673000e+03	9.193631e+02
4.674000e+03	9.474013e+02
4.675000e+03	9.367069e+02
4.676000e+03	9.637326e+02
4.677000e+03	9.805790e+02
4.678000e+03	9.709079e+02
4.679000e+03	9.551094e+02
4.680000e+03	9.482531e+02
4.681000e+03	9.430269e+02
4.682000e+03	9.461375e+02
4.683000e+03	9.664478e+02
4.684000e+03	9.833046e+02
4.685000e+03	1.020762e+03
4.686000e+03	9.930594e+02
4.687000e+03	9.533496e+02
4.688000e+03	1.000382e+03
4.689000e+03	9.676838e+02
4.690000e+03	9.188287e+02
4.691000e+03	9.247135e+02
4.692000e+03	9.206575e+02
4.693000e+03	9.200643e+02
4.694000e+03	9.555504e+02
4.695000e+03	9.561411e+02
4.696000e+03	9.658219e+02
4.697000e+03	9.630310e+02
4.698000e+03	9.421322e+02
4.699000e+03	9.271931e+02
4.700000e+03	9.080043e+02
4.701000e+03	9.216476e+02
4.702000e+03	9.424729e+02
4.703000e+03	9.279730e+02
4.704000e+03	9.176234e+02
4.705000e+03	9.402498e+02
4.706000e+03	9.137402e+02
4.707000e+03	9.173723e+02
4.708000e+03	9.091179e+02
4.709000e+03	9.222220e+02
4.710000e+03	9.213053e+02
4.711000e+03	9.641895e+02
4.712000e+03	9.610796e+02
4.713000e+03	9.307807e+02
4.714000e+03	9.559962e+02
4.715000e+03	9.268915e+02
4.716000e+03	9.613780e+02
4.717000e+03	9.978566e+02
4.718000e+03	9.836215e+02
4.719000e+03	9.587708e+02
4.720000e+03	9.801079e+02
4.721000e+03	9.509018e+02
4.722000e+03	9.758252e+02
4.723000e+03	9.641404e+02
4.724000e+03	9.440126e+02
4.725000e+03	9.652761e+02
4.726000e+03	9.576968e+02
4.727000e+03	9.745554e+02
4.728000e+03	9.221081e+02
4.729000e+03	9.212842e+02
4.730000e+03	9.126327e+02
4.731000e+03	9.202148e+02
4.732000e+03	9.461575e+02
4.733000e+03	9.970819e+02
4.734000e+03	8.794614e+02
4.735000e+03	8.843568e+02
4.736000e+03	8.851252e+02
4.737000e+03	8.960168e+02
4.738000e+03	8.873807e+02
4.739000e+03	9.135538e+02
4.740000e+03	9.438413e+02
4.741000e+03	9.808234e+02
4.742000e+03	9.687666e+02
4.743000e+03	9.152448e+02
4.744000e+03	9.180601e+02
4.745000e+03	9.712699e+02
4.746000e+03	9.936338e+02
4.747000e+03	9.645378e+02
4.748000e+03	9.603264e+02
4.749000e+03	9.466451e+02
4.750000e+03	9.246159e+02
4.751000e+03	9.184253e+02
4.752000e+03	9.310527e+02
4.753000e+03	9.623713e+02
4.754000e+03	9.213046e+02
4.755000e+03	9.469114e+02
4.756000e+03	9.651370e+02
4.757000e+03	9.759203e+02
4.758000e+03	9.351281e+02
4.759000e+03	9.219436e+02
4.760000e+03	9.190055e+02
4.761000e+03	9.295112e+02
4.762000e+03	8.951425e+02
4.763000e+03	8.950350e+02
4.764000e+03	9.283654e+02
4.765000e+03	9.243462e+02
4.766000e+03	9.286040e+02
4.767000e+03	9.432838e+02
4.768000e+03	9.212775e+02
4.769000e+03	9.393056e+02
4.770000e+03	9.436653e+02
4.771000e+03	9.468460e+02
4.772000e+03	9.236883e+02
4.773000e+03	9.668783e+02
4.774000e+03	9.679947e+02
4.775000e+03	9.841887e+02
4.776000e+03	9.792187e+02
4.777000e+03	9.824744e+02
4.778000e+03	9.512035e+02
4.779000e+03	9.321550e+02
4.780000e+03	9.545725e+02
4.781000e+03	9.195223e+02
4.782000e+03	9.480548e+02
4.783000e+03	9.371027e+02
4.784000e+03	9.423339e+02
4.785000e+03	9.340386e+02
4.786000e+03	9.328292e+02
4.787000e+03	9.366938e+02
4.788000e+03	9.510881e+02
4.789000e+03	9.483469e+02
4.790000e+03	9.301291e+02
4.791000e+03	9.257719e+02
4.792000e+03	1.003920e+03
4.793000e+03	9.825741e+02
4.794000e+03	1.003109e+03
4.795000e+03	9.772391e+02
4.796000e+03	9.487296e+02
4.797000e+03	9.131751e+02
4.798000e+03	9.357033e+02
4.799000e+03	9.627949e+02
4.800000e+03	9.782840e+02
4.801000e+03	9.162502e+02
4.802000e+03	9.499292e+02
4.803000e+03	9.257691e+02
4.804000e+03	9.763206e+02
4.805000e+03	9.556751e+02
4.806000e+03	9.688852e+02
4.807000e+03	9.810765e+02
4.808000e+03	9.673741e+02
4.809000e+03	9.426353e+02
4.810000e+03	9.366313e+02
4.811000e+03	9.288503e+02
4.812000e+03	9.113218e+02
4.813000e+03	9.447192e+02
4.814000e+03	9.454095e+02
4.815000e+03	9.486334e+02
4.816000e+03	9.514371e+02
4.817000e+03	9.451417e+02
4.818000e+03	9.675768e+02
4.819000e+03	9.492767e+02
4.820000e+03	9.517073e+02
4.821000e+03	9.461385e+02
4.822000e+03	9.273124e+02
4.823000e+03	9.749566e+02
4.824000e+03	9.629213e+02
4.825000e+03	9.668875e+02
4.826000e+03	9.553261e+02
4.827000e+03	9.657967e+02
4.828000e+03	9.274366e+02
4.829000e+03	9.491314e+02
4.830000e+03	9.195275e+02
4.831000e+03	9.157950e+02
4.832000e+03	9.391842e+02
4.833000e+03	9.345722e+02
4.834000e+03	9.397110e+02
4.835000e+03	9.555341e+02
4.836000e+03	9.355338e+02
4.837000e+03	9.179975e+02
4.838000e+03	9.256408e+02
4.839000e+03	9.526148e+02
4.840000e+03	9.261243e+02
4.841000e+03	9.266729e+02
4.842000e+03	9.317093e+02
4.843000e+03	9.209878e+02
4.844000e+03	9.280503e+02
4.845000e+03	9.303642e+02
4.846000e+03	8.866171e+02
4.847000e+03	8.935041e+02
4.848000e+03	9.107020e+02
4.849000e+03	8.842479e+02
4.850000e+03	8.932341e+02
4.851000e+03	8.692567e+02
4.852000e+03	8.709471e+02
4.853000e+03	8.343833e+02
4.854000e+03	8.126093e+02
4.855000e+03	8.424326e+02
4.856000e+03	9.305587e+02
4.857000e+03	1.295128e+03
4.858000e+03	1.905206e+03
4.859000e+03	2.757068e+03
4.860000e+03	3.424798e+03
4.861000e+03	3.389415e+03
4.862000e+03	2.680160e+03
4.863000e+03	1.699550e+03
4.864000e+03	1.059115e+03
4.865000e+03	8.893253e+02
4.866000e+03	8.460251e+02
4.867000e+03	8.423997e+02
4.868000e+03	8.108806e+02
4.869000e+03	8.248150e+02
4.870000e+03	8.482178e+02
4.871000e+03	8.764680e+02
4.872000e+03	8.849686e+02
4.873000e+03	8.668897e+02
4.874000e+03	8.688893e+02
4.875000e+03	8.720313e+02
4.876000e+03	8.658419e+02
4.877000e+03	9.041423e+02
4.878000e+03	9.105966e+02
4.879000e+03	9.384112e+02
4.880000e+03	9.087660e+02
4.881000e+03	9.203909e+02
4.882000e+03	9.395514e+02
4.883000e+03	9.199416e+02
4.884000e+03	8.900119e+02
4.885000e+03	9.130391e+02
4.886000e+03	8.956869e+02
4.887000e+03	9.270555e+02
4.888000e+03	9.137044e+02
4.889000e+03	9.427420e+02
4.890000e+03	9.514721e+02
4.891000e+03	9.189274e+02
4.892000e+03	9.156157e+02
4.893000e+03	8.962748e+02
4.894000e+03	9.427361e+02
4.895000e+03	9.685060e+02
4.896000e+03	9.646310e+02
4.897000e+03	9.824499e+02
4.898000e+03	9.640313e+02
4.899000e+03	9.753041e+02
4.900000e+03	9.551960e+02
4.901000e+03	9.566069e+02
4.902000e+03	9.786935e+02
4.903000e+03	9.752585e+02
4.904000e+03	9.817319e+02
4.905000e+03	1.000272e+03
4.906000e+03	9.739925e+02
4.907000e+03	9.799031e+02
4.908000e+03	9.691381e+02
4.909000e+03	9.480378e+02
4.910000e+03	9.674990e+02
4.911000e+03	9.796877e+02
4.912000e+03	9.391056e+02
4.913000e+03	9.673091e+02
4.914000e+03	9.690129e+02
4.915000e+03	9.501792e+02
4.916000e+03	9.085514e+02
4.917000e+03	9.388653e+02
4.918000e+03	9.389080e+02
4.919000e+03	9.427137e+02
4.920000e+03	9.456911e+02
4.921000e+03	9.303654e+02
4.922000e+03	9.399447e+02
4.923000e+03	8.962458e+02
4.924000e+03	9.196109e+02
4.925000e+03	9.656907e+02
4.926000e+03	9.615763e+02
4.927000e+03	9.624655e+02
4.928000e+03	9.425044e+02
4.929000e+03	9.192245e+02
4.930000e+03	9.391039e+02
4.931000e+03	9.468955e+02
4.932000e+03	9.432080e+02
4.933000e+03	9.578581e+02
4.934000e+03	9.520818e+02
4.935000e+03	9.375245e+02
4.936000e+03	9.595317e+02
4.937000e+03	9.475016e+02
4.938000e+03	9.572190e+02
4.939000e+03	9.421161e+02
4.940000e+03	9.629325e+02
4.941000e+03	9.344385e+02
4.942000e+03	9.429916e+02
4.943000e+03	9.340393e+02
4.944000e+03	9.834712e+02
4.945000e+03	1.011932e+03
4.946000e+03	9.581342e+02
4.947000e+03	9.535013e+02
4.948000e+03	9.792196e+02
4.949000e+03	1.015638e+03
4.950000e+03	9.995909e+02
4.951000e+03	9.996561e+02
4.952000e+03	1.003517e+03
4.953000e+03	1.044038e+03
4.954000e+03	1.071602e+03
4.955000e+03	1.238410e+03
4.956000e+03	1.593309e+03
4.957000e+03	2.015618e+03
4.958000e+03	2.334296e+03
4.959000e+03	2.219120e+03
4.960000e+03	1.741985e+03
4.961000e+03	1.267334e+03
4.962000e+03	1.016861e+03
4.963000e+03	9.523316e+02
4.964000e+03	9.449126e+02
4.965000e+03	9.261360e+02
4.966000e+03	9.404931e+02
4.967000e+03	9.178855e+02
4.968000e+03	9.060262e+02
4.969000e+03	9.141933e+02
4.970000e+03	9.093467e+02
4.971000e+03	9.293035e+02
4.972000e+03	1.035067e+03
4.973000e+03	1.018204e+03
4.974000e+03	9.317259e+02
4.975000e+03	9.736849e+02
4.976000e+03	9.693512e+02
4.977000e+03	1.079525e+03
4.978000e+03	9.470388e+02
4.979000e+03	9.437900e+02
4.980000e+03	9.146114e+02
4.981000e+03	9.120987e+02
4.982000e+03	9.481443e+02
4.983000e+03	9.713767e+02
4.984000e+03	9.538846e+02
4.985000e+03	9.783019e+02
4.986000e+03	1.007049e+03
4.987000e+03	9.929591e+02
4.988000e+03	9.365689e+02
4.989000e+03	9.347127e+02
4.990000e+03	9.512970e+02
4.991000e+03	9.351896e+02
4.992000e+03	9.327030e+02
4.993000e+03	9.396796e+02
4.994000e+03	9.334296e+02
4.995000e+03	9.379215e+02
4.996000e+03	8.992880e+02
4.997000e+03	7.908415e+02
4.998000e+03	9.941322e+02
4.999000e+03	9.774132e+02
5.000000e+03	1.014543e+03
5.001000e+03	1.101179e+03
5.002000e+03	1.333633e+03
5.003000e+03	2.035296e+03
5.004000e+03	3.246134e+03
5.005000e+03	4.730714e+03
5.006000e+03	5.614263e+03
5.007000e+03	5.098565e+03
5.008000e+03	3.444389e+03
5.009000e+03	1.915886e+03
5.010000e+03	1.241163e+03
5.011000e+03	1.049017e+03
5.012000e+03	9.685563e+02
5.013000e+03	9.239683e+02
5.014000e+03	9.755841e+02
5.015000e+03	9.531832e+02
5.016000e+03	9.697717e+02
5.017000e+03	1.023164e+03
5.018000e+03	9.602403e+02
5.019000e+03	9.797801e+02
5.020000e+03	9.491306e+02
5.021000e+03	1.030070e+03
5.022000e+03	9.931417e+02
5.023000e+03	9.286835e+02
5.024000e+03	9.113938e+02
5.025000e+03	9.359970e+02
5.026000e+03	9.594513e+02
5.027000e+03	9.404073e+02
5.028000e+03	9.267757e+02
5.029000e+03	9.090001e+02
5.030000e+03	9.739428e+02
5.031000e+03	9.736392e+02
5.032000e+03	9.361354e+02
5.033000e+03	9.190007e+02
5.034000e+03	9.638174e+02
5.035000e+03	9.642369e+02
5.036000e+03	9.676154e+02
5.037000e+03	9.655720e+02
5.038000e+03	9.829996e+02
5.039000e+03	9.708108e+02
5.040000e+03	9.499546e+02
5.041000e+03	9.891584e+02
5.042000e+03	9.867686e+02
5.043000e+03	1.017511e+03
5.044000e+03	1.024297e+03
5.045000e+03	9.544316e+02
5.046000e+03	9.699739e+02
5.047000e+03	9.641006e+02
5.048000e+03	9.755150e+02
5.049000e+03	1.009650e+03
5.050000e+03	1.018800e+03
5.051000e+03	1.002880e+03
5.052000e+03	1.004782e+03
5.053000e+03	9.887399e+02
5.054000e+03	9.542614e+02
5.055000e+03	9.427102e+02
5.056000e+03	9.556426e+02
5.057000e+03	9.760735e+02
5.058000e+03	9.685573e+02
5.059000e+03	9.705932e+02
5.060000e+03	9.848418e+02
5.061000e+03	9.470623e+02
5.062000e+03	9.629069e+02
5.063000e+03	9.750403e+02
5.064000e+03	9.661613e+02
5.065000e+03	9.730891e+02
5.066000e+03	9.576953e+02
5.067000e+03	9.291116e+02
5.068000e+03	9.203800e+02
5.069000e+03	9.616485e+02
5.070000e+03	9.498112e+02
5.071000e+03	9.438859e+02
5.072000e+03	9.201138e+02
5.073000e+03	9.337397e+02
5.074000e+03	9.678815e+02
5.075000e+03	9.900527e+02
5.076000e+03	9.775019e+02
5.077000e+03	9.581157e+02
5.078000e+03	9.480732e+02
5.079000e+03	9.566605e+02
5.080000e+03	9.204526e+02
5.081000e+03	9.396863e+02
5.082000e+03	9.392983e+02
5.083000e+03	9.105445e+02
5.084000e+03	9.756475e+02
5.085000e+03	9.612349e+02
5.086000e+03	9.512889e+02
5.087000e+03	9.875959e+02
5.088000e+03	9.739131e+02
5.089000e+03	9.430806e+02
5.090000e+03	9.894690e+02
5.091000e+03	9.779429e+02
5.092000e+03	9.435431e+02
5.093000e+03	9.690568e+02
5.094000e+03	1.016692e+03
5.095000e+03	9.588134e+02
5.096000e+03	9.295028e+02
5.097000e+03	9.525055e+02
5.098000e+03	9.416691e+02
5.099000e+03	9.401141e+02
5.100000e+03	9.751690e+02
5.101000e+03	9.929447e+02
5.102000e+03	9.810517e+02
5.103000e+03	9.830140e+02
5.104000e+03	9.662088e+02
5.105000e+03	9.606379e+02
5.106000e+03	9.870174e+02
5.107000e+03	9.559236e+02
5.108000e+03	9.417339e+02
5.109000e+03	9.708458e+02
5.110000e+03	9.565442e+02
5.111000e+03	9.540132e+02
5.112000e+03	9.288222e+02
5.113000e+03	9.611800e+02
5.114000e+03	9.721495e+02
5.115000e+03	9.798763e+02
5.116000e+03	9.766261e+02
5.117000e+03	9.584762e+02
5.118000e+03	9.767109e+02
5.119000e+03	9.550766e+02
5.120000e+03	9.303158e+02
5.121000e+03	9.149026e+02
5.122000e+03	9.542972e+02
5.123000e+03	9.213419e+02
5.124000e+03	9.417389e+02
5.125000e+03	9.371323e+02
5.126000e+03	9.147883e+02
5.127000e+03	9.110753e+02
5.128000e+03	8.990037e+02
5.129000e+03	9.721126e+02
5.130000e+03	9.788464e+02
5.131000e+03	9.562045e+02
5.132000e+03	9.367234e+02
5.133000e+03	9.454653e+02
5.134000e+03	9.394712e+02
5.135000e+03	1.008053e+03
5.136000e+03	9.949813e+02
5.137000e+03	9.650215e+02
5.138000e+03	9.178877e+02
5.139000e+03	9.331116e+02
5.140000e+03	9.358379e+02
5.141000e+03	9.637096e+02
5.142000e+03	9.723076e+02
5.143000e+03	9.728244e+02
5.144000e+03	9.319455e+02
5.145000e+03	8.990754e+02
5.146000e+03	9.184739e+02
5.147000e+03	9.414068e+02
5.148000e+03	9.254064e+02
5.149000e+03	9.203491e+02
5.150000e+03	8.906086e+02
5.151000e+03	9.073214e+02
5.152000e+03	9.252769e+02
5.153000e+03	9.188167e+02
5.154000e+03	9.554442e+02
5.155000e+03	9.073685e+02
5.156000e+03	9.882728e+02
5.157000e+03	9.907996e+02
5.158000e+03	1.006071e+03
5.159000e+03	1.015357e+03
5.160000e+03	9.986948e+02
5.161000e+03	9.562032e+02
5.162000e+03	9.570657e+02
5.163000e+03	9.201033e+02
5.164000e+03	9.297662e+02
5.165000e+03	9.178628e+02
5.166000e+03	8.974098e+02
5.167000e+03	8.760167e+02
5.168000e+03	8.726664e+02
5.169000e+03	8.482713e+02
5.170000e+03	8.627605e+02
5.171000e+03	8.915153e+02
5.172000e+03	9.347536e+02
5.173000e+03	9.075512e+02
5.174000e+03	8.772772e+02
5.175000e+03	9.383613e+02
5.176000e+03	9.451994e+02
5.177000e+03	9.691412e+02
5.178000e+03	9.540253e+02
5.179000e+03	8.992026e+02
5.180000e+03	9.549738e+02
5.181000e+03	9.229817e+02
5.182000e+03	8.927817e+02
5.183000e+03	8.740093e+02
5.184000e+03	9.080400e+02
5.185000e+03	8.857224e+02
5.186000e+03	8.798997e+02
5.187000e+03	8.995033e+02
5.188000e+03	9.342982e+02
5.189000e+03	9.242420e+02
5.190000e+03	9.316139e+02
5.191000e+03	9.404232e+02
5.192000e+03	9.266674e+02
5.193000e+03	9.446858e+02
5.194000e+03	9.841558e+02
5.195000e+03	9.839419e+02
5.196000e+03	1.031535e+03
5.197000e+03	1.070540e+03
5.198000e+03	1.020935e+03
5.199000e+03	1.035443e+03
5.200000e+03	1.030342e+03
5.201000e+03	9.713898e+02
5.202000e+03	9.345057e+02
5.203000e+03	9.173290e+02
5.204000e+03	9.101773e+02
5.205000e+03	8.977469e+02
5.206000e+03	8.762931e+02
5.207000e+03	9.091029e+02
5.208000e+03	9.054202e+02
5.209000e+03	9.524642e+02
5.210000e+03	9.713593e+02
5.211000e+03	9.707997e+02
5.212000e+03	9.752449e+02
5.213000e+03	9.809823e+02
5.214000e+03	9.409232e+02
5.215000e+03	9.314742e+02
5.216000e+03	9.233198e+02
5.217000e+03	9.444573e+02
5.218000e+03	9.778385e+02
5.219000e+03	9.731244e+02
5.220000e+03	9.573674e+02
5.221000e+03	9.511673e+02
5.222000e+03	9.587304e+02
5.223000e+03	9.381649e+02
5.224000e+03	9.437532e+02
5.225000e+03	9.286414e+02
5.226000e+03	9.266215e+02
5.227000e+03	9.167713e+02
5.228000e+03	9.271434e+02
5.229000e+03	9.645554e+02
5.230000e+03	1.007950e+03
5.231000e+03	9.788108e+02
5.232000e+03	9.758174e+02
5.233000e+03	9.667487e+02
5.234000e+03	9.604701e+02
5.235000e+03	9.737550e+02
5.236000e+03	9.617753e+02
5.237000e+03	9.828153e+02
5.238000e+03	9.544579e+02
5.239000e+03	9.602150e+02
5.240000e+03	9.668829e+02
5.241000e+03	1.005351e+03
5.242000e+03	1.023157e+03
5.243000e+03	9.686086e+02
5.244000e+03	9.764846e+02
5.245000e+03	9.579972e+02
5.246000e+03	9.697634e+02
5.247000e+03	9.497401e+02
5.248000e+03	9.565542e+02
5.249000e+03	9.789942e+02
5.250000e+03	9.678983e+02
5.251000e+03	9.797116e+02
5.252000e+03	9.686046e+02
5.253000e+03	9.869220e+02
5.254000e+03	9.723557e+02
5.255000e+03	9.260733e+02
5.256000e+03	9.284105e+02
5.257000e+03	9.761239e+02
5.258000e+03	9.750932e+02
5.259000e+03	9.738864e+02
5.260000e+03	9.726795e+02
5.261000e+03	9.710384e+02
5.262000e+03	9.282506e+02
5.263000e+03	9.286828e+02
5.264000e+03	9.300325e+02
5.265000e+03	9.165408e+02
5.266000e+03	9.149831e+02
5.267000e+03	9.156515e+02
5.268000e+03	9.046064e+02
5.269000e+03	9.546303e+02
5.270000e+03	9.870573e+02
5.271000e+03	9.619444e+02
5.272000e+03	9.729794e+02
5.273000e+03	9.390393e+02
5.274000e+03	9.755743e+02
5.275000e+03	9.550479e+02
5.276000e+03	9.614363e+02
5.277000e+03	9.807045e+02
5.278000e+03	9.735119e+02
5.279000e+03	9.602303e+02
5.280000e+03	9.211635e+02
5.281000e+03	9.390927e+02
5.282000e+03	9.628821e+02
5.283000e+03	9.633766e+02
5.284000e+03	9.528461e+02
5.285000e+03	9.930898e+02
5.286000e+03	9.919966e+02
5.287000e+03	9.963782e+02
5.288000e+03	9.878335e+02
5.289000e+03	9.954696e+02
5.290000e+03	9.772657e+02
5.291000e+03	9.790309e+02
5.292000e+03	1.003385e+03
5.293000e+03	9.823886e+02
5.294000e+03	9.961923e+02
5.295000e+03	9.756985e+02
5.296000e+03	9.629203e+02
5.297000e+03	9.432030e+02
5.298000e+03	9.584025e+02
5.299000e+03	9.977631e+02
5.300000e+03	9.914246e+02
5.301000e+03	9.998119e+02
5.302000e+03	9.906409e+02
5.303000e+03	9.775679e+02
5.304000e+03	9.907391e+02
5.305000e+03	1.020853e+03
5.306000e+03	9.751287e+02
5.307000e+03	9.837882e+02
5.308000e+03	9.894674e+02
5.309000e+03	9.991440e+02
5.310000e+03	1.019182e+03
5.311000e+03	1.002256e+03
5.312000e+03	9.656954e+02
5.313000e+03	9.531999e+02
5.314000e+03	1.006748e+03
5.315000e+03	9.898233e+02
5.316000e+03	9.582303e+02
5.317000e+03	9.687632e+02
5.318000e+03	9.485060e+02
5.319000e+03	9.244281e+02
5.320000e+03	9.645410e+02
5.321000e+03	9.828758e+02
5.322000e+03	9.936571e+02
5.323000e+03	9.940947e+02
5.324000e+03	9.434416e+02
5.325000e+03	9.447771e+02
5.326000e+03	9.771974e+02
5.327000e+03	9.356854e+02
5.328000e+03	9.440020e+02
5.329000e+03	9.157682e+02
5.330000e+03	9.356950e+02
5.331000e+03	9.730097e+02
5.332000e+03	9.583522e+02
5.333000e+03	9.510858e+02
5.334000e+03	9.659134e+02
5.335000e+03	9.890244e+02
5.336000e+03	9.337788e+02
5.337000e+03	9.751889e+02
5.338000e+03	1.014296e+03
5.339000e+03	9.542735e+02
5.340000e+03	9.422774e+02
5.341000e+03	9.725597e+02
5.342000e+03	9.922557e+02
5.343000e+03	9.451300e+02
5.344000e+03	9.374199e+02
5.345000e+03	9.579307e+02
5.346000e+03	9.947529e+02
5.347000e+03	9.668325e+02
5.348000e+03	9.610500e+02
5.349000e+03	9.847386e+02
5.350000e+03	9.959773e+02
5.351000e+03	1.026975e+03
5.352000e+03	9.937957e+02
5.353000e+03	9.968465e+02
5.354000e+03	9.835814e+02
5.355000e+03	9.754678e+02
5.356000e+03	1.005220e+03
5.357000e+03	9.876578e+02
5.358000e+03	1.019390e+03
5.359000e+03	1.018501e+03
5.360000e+03	1.028593e+03
5.361000e+03	1.009706e+03
5.362000e+03	9.737169e+02
5.363000e+03	9.576138e+02
5.364000e+03	9.690799e+02
5.365000e+03	9.605836e+02
5.366000e+03	9.577197e+02
5.367000e+03	9.392113e+02
5.368000e+03	8.947519e+02
5.369000e+03	9.288557e+02
5.370000e+03	9.736662e+02
5.371000e+03	9.388399e+02
5.372000e+03	9.842034e+02
5.373000e+03	9.821325e+02
5.374000e+03	9.788031e+02
5.375000e+03	9.886172e+02
5.376000e+03	9.792866e+02
5.377000e+03	9.930030e+02
5.378000e+03	9.864917e+02
5.379000e+03	9.937941e+02
5.380000e+03	9.936100e+02
5.381000e+03	9.651335e+02
5.382000e+03	9.614521e+02
5.383000e+03	9.711040e+02
5.384000e+03	9.722589e+02
5.385000e+03	9.516361e+02
5.386000e+03	9.539850e+02
5.387000e+03	9.822920e+02
5.388000e+03	9.788053e+02
5.389000e+03	9.762625e+02
5.390000e+03	9.541972e+02
5.391000e+03	9.113278e+02
5.392000e+03	9.012256e+02
5.393000e+03	9.603274e+02
5.394000e+03	9.788959e+02
5.395000e+03	9.297935e+02
5.396000e+03	9.803936e+02
5.397000e+03	9.941824e+02
5.398000e+03	9.784579e+02
5.399000e+03	1.030822e+03
5.400000e+03	9.505509e+02
5.401000e+03	9.476540e+02
5.402000e+03	9.347061e+02
5.403000e+03	9.789884e+02
5.404000e+03	9.467758e+02
5.405000e+03	9.123599e+02
5.406000e+03	9.240624e+02
5.407000e+03	9.194237e+02
5.408000e+03	9.615763e+02
5.409000e+03	9.436994e+02
5.410000e+03	9.779574e+02
5.411000e+03	9.966190e+02
5.412000e+03	1.017141e+03
5.413000e+03	1.019691e+03
5.414000e+03	9.860043e+02
5.415000e+03	9.627399e+02
5.416000e+03	9.805045e+02
5.417000e+03	9.963033e+02
5.418000e+03	9.677018e+02
5.419000e+03	9.528374e+02
5.420000e+03	9.726063e+02
5.421000e+03	9.699194e+02
5.422000e+03	8.562503e+02
5.423000e+03	7.522005e+02
5.424000e+03	6.977408e+02
5.425000e+03	6.896145e+02
5.426000e+03	7.039217e+02
5.427000e+03	7.314770e+02
5.428000e+03	7.623003e+02
5.429000e+03	7.507840e+02
5.430000e+03	7.844545e+02
5.431000e+03	8.304023e+02
5.432000e+03	8.449849e+02
5.433000e+03	8.841508e+02
5.434000e+03	9.110682e+02
5.435000e+03	9.277232e+02
5.436000e+03	8.968678e+02
5.437000e+03	8.843536e+02
5.438000e+03	9.406889e+02
5.439000e+03	8.887262e+02
5.440000e+03	9.202931e+02
5.441000e+03	9.072745e+02
5.442000e+03	8.547302e+02
5.443000e+03	8.797889e+02
5.444000e+03	8.951578e+02
5.445000e+03	8.613474e+02
5.446000e+03	8.466498e+02
5.447000e+03	8.387147e+02
5.448000e+03	9.014569e+02
5.449000e+03	9.073994e+02
5.450000e+03	8.684169e+02
5.451000e+03	9.024949e+02
5.452000e+03	8.517221e+02
5.453000e+03	8.854149e+02
5.454000e+03	8.862376e+02
5.455000e+03	8.671308e+02
5.456000e+03	9.105398e+02
5.457000e+03	9.450137e+02
5.458000e+03	8.717216e+02
5.459000e+03	9.396481e+02
5.460000e+03	9.390856e+02
5.461000e+03	9.589611e+02
5.462000e+03	9.067472e+02
5.463000e+03	9.093321e+02
5.464000e+03	9.850466e+02
5.465000e+03	9.733271e+02
5.466000e+03	9.109464e+02
5.467000e+03	9.371266e+02
5.468000e+03	9.190634e+02
5.469000e+03	9.178338e+02
5.470000e+03	9.303980e+02
5.471000e+03	9.350582e+02
5.472000e+03	9.255676e+02
5.473000e+03	9.493926e+02
5.474000e+03	9.777369e+02
5.475000e+03	9.693157e+02
5.476000e+03	9.511993e+02
5.477000e+03	9.320467e+02
5.478000e+03	9.683252e+02
5.479000e+03	9.552152e+02
5.480000e+03	9.071895e+02
5.481000e+03	9.123211e+02
5.482000e+03	1.007342e+03
5.483000e+03	1.024457e+03
5.484000e+03	1.038775e+03
5.485000e+03	1.046944e+03
5.486000e+03	1.015312e+03
5.487000e+03	1.032014e+03
5.488000e+03	1.057703e+03
5.489000e+03	9.996271e+02
5.490000e+03	9.788060e+02
5.491000e+03	1.015205e+03
5.492000e+03	1.016762e+03
5.493000e+03	9.530535e+02
5.494000e+03	9.885348e+02
5.495000e+03	9.815869e+02
5.496000e+03	9.620660e+02
5.497000e+03	9.399367e+02
5.498000e+03	1.059236e+03
5.499000e+03	1.001540e+03
5.500000e+03	9.512117e+02
5.501000e+03	9.448137e+02
5.502000e+03	1.036719e+03
5.503000e+03	1.047979e+03
5.504000e+03	1.041331e+03
5.505000e+03	9.241081e+02
5.506000e+03	9.284557e+02
5.507000e+03	9.742277e+02
5.508000e+03	1.013044e+03
5.509000e+03	9.014077e+02
5.510000e+03	8.980707e+02
5.511000e+03	9.169239e+02
5.512000e+03	9.509798e+02
5.513000e+03	9.261086e+02
5.514000e+03	9.522994e+02
5.515000e+03	9.430005e+02
5.516000e+03	9.737297e+02
5.517000e+03	9.848183e+02
5.518000e+03	9.997331e+02
5.519000e+03	9.716245e+02
5.520000e+03	9.465925e+02
5.521000e+03	9.712618e+02
5.522000e+03	9.814996e+02
5.523000e+03	9.804669e+02
5.524000e+03	9.810548e+02
5.525000e+03	9.499786e+02
5.526000e+03	9.410251e+02
5.527000e+03	9.599533e+02
5.528000e+03	9.352375e+02
5.529000e+03	9.055068e+02
5.530000e+03	9.257298e+02
5.531000e+03	9.512890e+02
5.532000e+03	9.928234e+02
5.533000e+03	9.690676e+02
5.534000e+03	9.759752e+02
5.535000e+03	9.438716e+02
5.536000e+03	9.177739e+02
5.537000e+03	9.833602e+02
5.538000e+03	9.821992e+02
5.539000e+03	9.340534e+02
5.540000e+03	9.384156e+02
5.541000e+03	9.819079e+02
5.542000e+03	1.013186e+03
5.543000e+03	9.779719e+02
5.544000e+03	9.939743e+02
5.545000e+03	1.007572e+03
5.546000e+03	9.918993e+02
5.547000e+03	1.061890e+03
5.548000e+03	9.362858e+02
5.549000e+03	1.057378e+03
5.550000e+03	1.001824e+03
5.551000e+03	1.002921e+03
5.552000e+03	9.957710e+02
5.553000e+03	9.802258e+02
5.554000e+03	1.042026e+03
5.555000e+03	9.545562e+02
5.556000e+03	9.652444e+02
5.557000e+03	9.273725e+02
5.558000e+03	9.426689e+02
5.559000e+03	8.981288e+02
5.560000e+03	9.125091e+02
5.561000e+03	9.883402e+02
5.562000e+03	9.710412e+02
5.563000e+03	9.205763e+02
5.564000e+03	9.252757e+02
5.565000e+03	9.779416e+02
5.566000e+03	9.746066e+02
5.567000e+03	9.570111e+02
5.568000e+03	9.208543e+02
5.569000e+03	9.365860e+02
5.570000e+03	9.420544e+02
5.571000e+03	9.298850e+02
5.572000e+03	9.343620e+02
5.573000e+03	9.092811e+02
5.574000e+03	9.076888e+02
5.575000e+03	9.366802e+02
5.576000e+03	9.491967e+02
5.577000e+03	9.739746e+02
5.578000e+03	1.012358e+03
5.579000e+03	9.536119e+02
5.580000e+03	9.569838e+02
5.581000e+03	9.699867e+02
5.582000e+03	9.449724e+02
5.583000e+03	9.510494e+02
5.584000e+03	1.001442e+03
5.585000e+03	9.816251e+02
5.586000e+03	9.034605e+02
5.587000e+03	8.968044e+02
5.588000e+03	9.038036e+02
5.589000e+03	9.108004e+02
5.590000e+03	9.177984e+02
5.591000e+03	9.247941e+02
5.592000e+03	9.317931e+02
5.593000e+03	9.387887e+02
5.594000e+03	9.457862e+02
5.595000e+03	9.527831e+02
5.596000e+03	9.597789e+02
5.597000e+03	9.363135e+02
5.598000e+03	8.897350e+02
5.599000e+03	8.772787e+02
5.600000e+03	8.810149e+02
5.601000e+03	8.547464e+02
5.602000e+03	8.975699e+02
5.603000e+03	1.014228e+03
5.604000e+03	9.248012e+02
5.605000e+03	9.047468e+02
5.606000e+03	8.916052e+02
5.607000e+03	9.380140e+02
5.608000e+03	9.104921e+02
5.609000e+03	9.032994e+02
5.610000e+03	8.876172e+02
5.611000e+03	8.453461e+02
5.612000e+03	8.289768e+02
5.613000e+03	9.238749e+02
5.614000e+03	9.004359e+02
5.615000e+03	8.699859e+02
5.616000e+03	8.849526e+02
5.617000e+03	8.771266e+02
5.618000e+03	9.226183e+02
5.619000e+03	9.485126e+02
5.620000e+03	9.459164e+02
5.621000e+03	9.039710e+02
5.622000e+03	8.756192e+02
5.623000e+03	9.042771e+02
5.624000e+03	9.420274e+02
5.625000e+03	9.098415e+02
5.626000e+03	9.514834e+02
5.627000e+03	9.327406e+02
5.628000e+03	8.511060e+02
5.629000e+03	8.909508e+02
5.630000e+03	9.054416e+02
5.631000e+03	8.571522e+02
5.632000e+03	8.765056e+02
5.633000e+03	9.436686e+02
5.634000e+03	9.270536e+02
5.635000e+03	9.575083e+02
5.636000e+03	9.079591e+02
5.637000e+03	8.647220e+02
5.638000e+03	9.013901e+02
5.639000e+03	9.189636e+02
5.640000e+03	9.501509e+02
5.641000e+03	9.713903e+02
5.642000e+03	8.849070e+02
5.643000e+03	8.869360e+02
5.644000e+03	9.422417e+02
5.645000e+03	9.179577e+02
5.646000e+03	8.622913e+02
5.647000e+03	7.981150e+02
5.648000e+03	8.223045e+02
5.649000e+03	8.843506e+02
5.650000e+03	9.428932e+02
5.651000e+03	9.537200e+02
5.652000e+03	9.115071e+02
5.653000e+03	8.571079e+02
5.654000e+03	9.365859e+02
5.655000e+03	9.065729e+02
5.656000e+03	8.965673e+02
5.657000e+03	8.197067e+02
5.658000e+03	8.754656e+02
5.659000e+03	8.501396e+02
5.660000e+03	8.174910e+02
5.661000e+03	8.295256e+02
5.662000e+03	8.120912e+02
5.663000e+03	7.789871e+02
5.664000e+03	8.159115e+02
5.665000e+03	8.505792e+02
5.666000e+03	8.999502e+02
5.667000e+03	8.740503e+02
5.668000e+03	9.186214e+02
5.669000e+03	9.102836e+02
5.670000e+03	8.479323e+02
5.671000e+03	8.447291e+02
5.672000e+03	8.854257e+02
5.673000e+03	8.973506e+02
5.674000e+03	8.406309e+02
5.675000e+03	8.617402e+02
5.676000e+03	8.214478e+02
5.677000e+03	8.898660e+02
5.678000e+03	9.230097e+02
5.679000e+03	8.008405e+02
5.680000e+03	8.139941e+02
5.681000e+03	8.997527e+02
5.682000e+03	1.007033e+03
5.683000e+03	9.907216e+02
5.684000e+03	8.910080e+02
5.685000e+03	7.797096e+02
5.686000e+03	8.112279e+02
5.687000e+03	8.419266e+02
5.688000e+03	8.592748e+02
5.689000e+03	8.060685e+02
5.690000e+03	8.965830e+02
5.691000e+03	9.287823e+02
5.692000e+03	8.399815e+02
5.693000e+03	9.551042e+02
5.694000e+03	9.092172e+02
5.695000e+03	9.336199e+02
5.696000e+03	9.264184e+02
5.697000e+03	9.837295e+02
5.698000e+03	8.741269e+02
5.699000e+03	9.274041e+02
5.700000e+03	8.473074e+02
5.701000e+03	8.904604e+02
5.702000e+03	1.005072e+03
5.703000e+03	8.120352e+02
5.704000e+03	8.690990e+02
5.705000e+03	9.291374e+02
5.706000e+03	9.384882e+02
5.707000e+03	9.214287e+02
5.708000e+03	8.546733e+02
5.709000e+03	8.417864e+02
5.710000e+03	8.846295e+02
5.711000e+03	9.605171e+02
5.712000e+03	8.770054e+02
5.713000e+03	8.599168e+02
5.714000e+03	8.718907e+02
5.715000e+03	8.763339e+02
5.716000e+03	8.784672e+02
5.717000e+03	8.499014e+02
5.718000e+03	8.687733e+02
5.719000e+03	9.606789e+02
5.720000e+03	9.460547e+02
5.721000e+03	9.441960e+02
5.722000e+03	9.097185e+02
5.723000e+03	9.402275e+02
5.724000e+03	8.869733e+02
5.725000e+03	9.040036e+02
5.726000e+03	8.440358e+02
5.727000e+03	8.662014e+02
5.728000e+03	8.987645e+02
5.729000e+03	8.498330e+02
5.730000e+03	8.976147e+02
5.731000e+03	9.249585e+02
5.732000e+03	9.235646e+02
5.733000e+03	8.719187e+02
5.734000e+03	8.665591e+02
5.735000e+03	8.678571e+02
5.736000e+03	8.691552e+02
5.737000e+03	8.704530e+02
5.738000e+03	8.717514e+02
5.739000e+03	8.730491e+02
5.740000e+03	8.743473e+02
5.741000e+03	8.756452e+02
5.742000e+03	8.769435e+02
5.743000e+03	8.782412e+02
5.744000e+03	8.795394e+02
5.745000e+03	8.808372e+02
5.746000e+03	8.949616e+02
5.747000e+03	9.155244e+02
5.748000e+03	9.254438e+02
5.749000e+03	9.344968e+02
5.750000e+03	9.617661e+02
5.751000e+03	9.457644e+02
5.752000e+03	8.683147e+02
5.753000e+03	9.356065e+02
5.754000e+03	8.937215e+02
5.755000e+03	9.414345e+02
5.756000e+03	9.420661e+02
5.757000e+03	9.127081e+02
5.758000e+03	9.120524e+02
5.759000e+03	8.823695e+02
5.760000e+03	8.747004e+02
5.761000e+03	8.788247e+02
5.762000e+03	9.092789e+02
5.763000e+03	9.109425e+02
5.764000e+03	9.351809e+02
5.765000e+03	9.178443e+02
5.766000e+03	8.929543e+02
5.767000e+03	9.084641e+02
5.768000e+03	9.238698e+02
5.769000e+03	8.806296e+02
5.770000e+03	9.677090e+02
5.771000e+03	9.970849e+02
5.772000e+03	8.956316e+02
5.773000e+03	9.115717e+02
5.774000e+03	9.553324e+02
5.775000e+03	9.553577e+02
5.776000e+03	9.496279e+02
5.777000e+03	8.569232e+02
5.778000e+03	9.038822e+02
5.779000e+03	9.030659e+02
5.780000e+03	8.276594e+02
5.781000e+03	8.868655e+02
5.782000e+03	8.770575e+02
5.783000e+03	8.838786e+02
5.784000e+03	8.497045e+02
5.785000e+03	1.044887e+03
5.786000e+03	9.941842e+02
5.787000e+03	9.237712e+02
5.788000e+03	8.762641e+02
5.789000e+03	7.712874e+02
5.790000e+03	9.175766e+02
5.791000e+03	9.782549e+02
5.792000e+03	9.737704e+02
5.793000e+03	9.643105e+02
5.794000e+03	1.063247e+03
5.795000e+03	1.026029e+03
5.796000e+03	8.592863e+02
5.797000e+03	8.980491e+02
5.798000e+03	9.841284e+02
5.799000e+03	9.732269e+02
5.800000e+03	9.736990e+02
5.801000e+03	9.327959e+02
5.802000e+03	8.926588e+02
5.803000e+03	9.742412e+02
5.804000e+03	1.023848e+03
5.805000e+03	9.589383e+02
5.806000e+03	9.501611e+02
5.807000e+03	9.664070e+02
5.808000e+03	9.107710e+02
5.809000e+03	9.330028e+02
5.810000e+03	9.321091e+02
5.811000e+03	9.068333e+02
5.812000e+03	8.865718e+02
5.813000e+03	9.146959e+02
5.814000e+03	9.779382e+02
5.815000e+03	9.767657e+02
5.816000e+03	8.855419e+02
5.817000e+03	1.001077e+03
5.818000e+03	9.215541e+02
5.819000e+03	8.134684e+02
5.820000e+03	9.626694e+02
5.821000e+03	9.205606e+02
5.822000e+03	9.683830e+02
5.823000e+03	9.783524e+02
5.824000e+03	1.036977e+03
5.825000e+03	9.669317e+02
5.826000e+03	9.841182e+02
5.827000e+03	9.471340e+02
5.828000e+03	9.348267e+02
5.829000e+03	9.299324e+02
5.830000e+03	9.681760e+02
5.831000e+03	9.555301e+02
5.832000e+03	9.805382e+02
5.833000e+03	9.671699e+02
5.834000e+03	9.844169e+02
5.835000e+03	9.701700e+02
5.836000e+03	9.126006e+02
5.837000e+03	9.498071e+02
5.838000e+03	9.473616e+02
5.839000e+03	9.812019e+02
5.840000e+03	9.204823e+02
5.841000e+03	9.264105e+02
5.842000e+03	9.378675e+02
5.843000e+03	9.154921e+02
5.844000e+03	9.459604e+02
5.845000e+03	9.117266e+02
5.846000e+03	9.623801e+02
5.847000e+03	9.622713e+02
5.848000e+03	9.338354e+02
5.849000e+03	9.567842e+02
5.850000e+03	1.030127e+03
5.851000e+03	9.971535e+02
5.852000e+03	9.911973e+02
5.853000e+03	9.389596e+02
5.854000e+03	8.741943e+02
5.855000e+03	8.715394e+02
5.856000e+03	9.035910e+02
5.857000e+03	9.342680e+02
5.858000e+03	9.118559e+02
5.859000e+03	9.102322e+02
5.860000e+03	9.448149e+02
5.861000e+03	9.857119e+02
5.862000e+03	9.951964e+02
5.863000e+03	8.639327e+02
5.864000e+03	7.828856e+02
5.865000e+03	8.119981e+02
5.866000e+03	7.444264e+02
5.867000e+03	6.768671e+02
5.868000e+03	5.930055e+02
5.869000e+03	5.328352e+02
5.870000e+03	4.726888e+02
5.871000e+03	4.125151e+02
5.872000e+03	3.523681e+02
5.873000e+03	2.922096e+02
5.874000e+03	2.320491e+02
5.875000e+03	1.719047e+02
